job_id,timestamp,backend,physical_qubit,benchmark,sample_size,status
d8ujq9lbh0os73er5ivg,2026-06-25T14:37:27.258654+00:00,ibm_marrakesh,152,BB84,1000,QUEUED
d8ujqa5posuc738q9se0,2026-06-25T14:37:28.476280+00:00,ibm_marrakesh,54_53,BellState,1000,QUEUED
d8umuqcbp3hs73869irg,2026-06-25T18:11:53.567059+00:00,ibm_marrakesh,4,BB84,1000,QUEUED
d8umuqkbp3hs73869is0,2026-06-25T18:11:54.188368+00:00,ibm_marrakesh,51_58,BellState,1000,QUEUED
d8uq2u06c68s73afg6fg,2026-06-25T21:45:28.749418+00:00,ibm_marrakesh,107,BB84,1000,QUEUED
d8uq2uemvj5c73egjshg,2026-06-25T21:45:29.524004+00:00,ibm_marrakesh,121_116,BellState,1000,QUEUED
d8uvge8pknjs73a00cu0,2026-06-26T03:55:38.132130+00:00,ibm_marrakesh,101,BB84,1000,QUEUED
d8uvgegpknjs73a00cug,2026-06-26T03:55:39.048512+00:00,ibm_marrakesh,149_148,BellState,1000,QUEUED
d8v31c8pknjs73a063rg,2026-06-26T07:56:34.140654+00:00,ibm_marrakesh,119,BB84,1000,QUEUED
d8v31cmmvj5c73eh0lag,2026-06-26T07:56:34.949842+00:00,ibm_marrakesh,3_2,BellState,1000,QUEUED
d8v5lbemvj5c73eh6du0,2026-06-26T10:55:41.341156+00:00,ibm_marrakesh,119,BB84,1000,QUEUED
d8v5lbmmvj5c73eh6dug,2026-06-26T10:55:42.204090+00:00,ibm_marrakesh,2_1,BellState,1000,QUEUED
d8v8pd0pknjs73a0giig,2026-06-26T14:29:08.276905+00:00,ibm_marrakesh,17,BB84,1000,QUEUED
d8v8pd9ropqc738bsbv0,2026-06-26T14:29:09.192620+00:00,ibm_marrakesh,103_104,BellState,1000,QUEUED
d8vbnl86c68s73agb8og,2026-06-26T17:50:13.860908+00:00,ibm_marrakesh,103,BB84,1000,QUEUED
d8vbnlhropqc738c0h6g,2026-06-26T17:50:14.646106+00:00,ibm_marrakesh,115_99,BellState,1000,QUEUED
d8veqgg6c68s73aghp0g,2026-06-26T21:21:06.892596+00:00,ibm_marrakesh,105,BB84,1000,QUEUED
d8veqgopknjs73a0r3qg,2026-06-26T21:21:08.076678+00:00,ibm_marrakesh,127_126,BellState,1000,QUEUED
d8vkbfumvj5c73ei1890,2026-06-27T03:38:39.979177+00:00,ibm_marrakesh,124,BB84,1000,QUEUED
d8vkbg06c68s73agti30,2026-06-27T03:38:40.697961+00:00,ibm_marrakesh,2_1,BellState,1000,QUEUED
d8vn758pknjs73a1b6ag,2026-06-27T06:54:13.282347+00:00,ibm_marrakesh,118,BB84,1000,QUEUED
d8vn75gpknjs73a1b6c0,2026-06-27T06:54:14.374741+00:00,ibm_marrakesh,33_34,BellState,1000,QUEUED
d8vq3l6mvj5c73ei9tn0,2026-06-27T10:11:32.858483+00:00,ibm_marrakesh,10,BB84,1000,QUEUED
d8vq3l8pknjs73a1flf0,2026-06-27T10:11:33.455555+00:00,ibm_marrakesh,140_141,BellState,1000,QUEUED
d8vt8npropqc738d06gg,2026-06-27T13:47:11.681880+00:00,ibm_marrakesh,33,BB84,1000,QUEUED
d8vt8o6mvj5c73eiej30,2026-06-27T13:47:13.007257+00:00,ibm_marrakesh,61_62,BellState,1000,QUEUED
d900969ropqc738d4m0g,2026-06-27T17:12:57.999273+00:00,ibm_marrakesh,102,BB84,1000,QUEUED
d90096hropqc738d4m1g,2026-06-27T17:12:59.053821+00:00,ibm_marrakesh,121_122,BellState,1000,QUEUED
d903meopknjs73a1tv60,2026-06-27T21:06:03.796151+00:00,ibm_marrakesh,107,BB84,1000,QUEUED
d903mf06c68s73ahkfag,2026-06-27T21:06:04.535370+00:00,ibm_marrakesh,47_57,BellState,1000,QUEUED
d909pcumvj5c73eiur3g,2026-06-28T04:01:55.360880+00:00,ibm_marrakesh,56,BB84,1000,QUEUED
d909pcpropqc738dgbeg,2026-06-28T04:01:55.914822+00:00,ibm_marrakesh,49_50,BellState,1000,QUEUED
d90ff2o6c68s73ai1040,2026-06-28T10:29:31.211188+00:00,ibm_marrakesh,117,BB84,1000,QUEUED
d90ff2propqc738dm8kg,2026-06-28T10:29:31.990777+00:00,ibm_marrakesh,2_1,BellState,1000,QUEUED
d90idgpropqc738dpm20,2026-06-28T13:50:59.849878+00:00,ibm_marrakesh,143,BB84,1000,QUEUED
d90idh1ropqc738dpm30,2026-06-28T13:51:00.593272+00:00,ibm_marrakesh,5_6,BellState,1000,QUEUED
d90ldagpknjs73a2hct0,2026-06-28T17:15:22.455344+00:00,ibm_marrakesh,51,BB84,1000,QUEUED
d90ldao6c68s73ai7sog,2026-06-28T17:15:23.802773+00:00,ibm_marrakesh,23_16,BellState,1000,QUEUED
d90ood8pknjs73a2l8c0,2026-06-28T21:03:50.040256+00:00,ibm_marrakesh,151,BB84,1000,QUEUED
d90oodhropqc738e13m0,2026-06-28T21:03:50.621672+00:00,ibm_marrakesh,58_71,BellState,1000,QUEUED
d90uvinccmks73d461fg,2026-06-29T04:08:42.962243+00:00,ibm_marrakesh,62,BB84,1000,QUEUED
d90uvivccmks73d461gg,2026-06-29T04:08:43.902882+00:00,ibm_marrakesh,113_114,BellState,1000,QUEUED
