p_relax,p_dephase,p_readout,avg_qber
0.03794134415744183,0.1658129946457086,0.09434482993249908,0.17065532888576046
0.010222855942609443,0.27334372625145675,0.09609567143192174,0.20379169963174543
0.13137231116369288,0.11439255950375722,0.03918184965902863,0.14929750070342693
0.13399243386933374,0.07869534447732236,0.03203509185979291,0.1308577521759653
0.15362204846817987,0.219811702440218,0.09079688827446168,0.22792381301374265
0.1432775060650865,0.270011975754694,0.021203370905262676,0.1976768931232774
0.2650240276109347,0.2851943107599844,0.003579027795731826,0.24539327882597842
0.06739004403239757,0.11493727328210175,0.09593397455673695,0.17561369597559623
0.12352699441157364,0.001467086261578765,0.03257124155924398,0.09411900204930082
0.06608144922304066,0.1116585638353766,0.08058999224933812,0.15281714493722773
0.10254441964921593,0.03549515816156779,0.04575607277798795,0.10972021640682976
0.039147659374820676,0.058358166035485645,0.09759753246058994,0.13295971726185035
0.21938725215707586,0.058352729028861926,0.04289412634749162,0.16121363201199457
0.1651708440713938,0.1494849883372239,0.05309075574176156,0.17606566554958858
0.18198536110329466,0.027788833445735982,0.056982043368827374,0.14614296650377753
0.2456726532455622,0.0737975168566466,0.09817119758267101,0.22458745690584841
0.2631665684835035,0.25877896938741735,0.0657917561876896,0.2594090961228269
0.07963916007555982,0.2945120859141736,0.008050636785735754,0.18186091962363798
0.022507252268799783,0.281406714523656,0.09893394867268984,0.21870381151121973
0.22972724126259098,0.1305357366018233,0.09770585091349238,0.22666510654814243
0.1280151729719747,0.1683302445672066,0.07472631515526533,0.18252555974561718
0.12872420671950893,0.13591865105481526,0.027812846502270096,0.1422960905122806
0.13034899516774048,0.13112317111838576,0.013641113522006587,0.13367813760059483
0.170735905864688,0.02130818819541812,0.040215047037396714,0.13094736298355608
0.06442303944060133,0.27882997433506845,0.05191325609010852,0.1986171457821718
0.18793158606403917,0.23332391894537174,0.08110286478321808,0.24639398850332245
0.2265155127719783,0.2536851504347624,0.09573888698104266,0.2762638268101026
0.11424279902866522,0.22198078478674813,0.05405601380920503,0.19167478407327787
0.18410728504155535,0.1885837145025626,0.09494148960366174,0.238186681525208
0.2225148617805091,0.05572205173621148,0.015616782914921003,0.1398367143530987
0.10601201091779612,0.2560826664313148,0.06789710775640954,0.21069592369426937
0.2387198188753476,0.0426732509239039,0.06132043032066307,0.16956899329328645
0.175872670251345,0.29070076151213275,0.0002900044751259712,0.20750424528690276
0.09465017962914812,0.0465705608134651,0.05193628484576274,0.10726302320754899
0.10496001119121189,0.14979485244802634,0.08648311321309768,0.1823682578087602
0.24758705758306987,0.24466523221098532,0.08719621685574275,0.26259450344261964
0.06867862323733469,0.006038768988412935,0.0049577966592246675,0.04301652934393059
0.20571902389427696,0.02003271722866653,0.02041527496762352,0.12859592127423985
0.17602695131841903,0.13707069872079597,0.07300306770566682,0.18518183397536997
0.1381853834382472,0.06485918804216122,0.05829410883567887,0.14385208502037888
0.22670291184043928,0.20874024143167988,0.07655872650000686,0.23527720894111576
0.05632953428999579,0.05542793465702471,0.0540926735950975,0.11070061373469078
0.04499943022464587,0.299533152890157,0.016322587439136848,0.1794447930550617
0.1495344940186889,0.25373059903716744,0.019982281750493894,0.18779785720311137
0.06286464665228987,0.04505069992379529,0.04848484586223049,0.0927863324206743
0.03332917975193782,0.05519497782862002,0.05096434972419542,0.09109540386839013
0.14506979529977918,0.15350696602009337,0.030029726283970427,0.15473213463936003
0.20663520071771938,0.13551017435732576,0.05101459314592478,0.1930056174763137
0.19129476398997133,0.1121206659914841,0.06431829058959258,0.1920578769080877
0.04203606968323995,0.2103943992542611,0.014730726358020241,0.12260857400491636
0.08232548862458934,0.14710414382474385,0.0913278129563786,0.17984348108293197
0.15656892244334278,0.18783764230519756,0.07165481245713912,0.20522488520720863
0.04750667332788478,0.03933667855249543,0.06442923811844638,0.09437330504681403
0.027234263249538194,0.1022080396396597,0.01149231925193901,0.0687517150574699
0.2919286685792056,0.16262103264240038,0.07468535775683845,0.24652828018896883
0.2528389389804211,0.15098021299894385,0.02434767124366276,0.19838028258691975
0.14983242247551778,0.29392341812938516,0.05455229836592737,0.2327761995485799
0.033781875764445246,0.06415449496740691,0.0962401654226161,0.13353075633104322
0.1598232414729176,0.2908460338101019,0.00324470877379659,0.20720625909991736
0.06677071846488103,0.21778652144938535,0.04992498464862334,0.17549723484541818
0.021374389395473304,0.06728507126824498,0.0877996625794453,0.1281941345826908
0.2392263356431629,0.1315412351990363,0.07520937411446842,0.2225760357595791
0.12714567151448583,0.15125984982391238,0.08482539292339228,0.19496944397659582
0.16131921398797303,0.2849633263873504,0.08435295586748212,0.24682679282787054
0.1667471958866153,0.16210015098853087,0.06747457943999034,0.19607716281037005
0.20321266530955098,0.12103388827151472,0.07214217499582187,0.19541187005687402
0.11604544519158604,0.09919020364329376,0.055723163788606415,0.15434364003584436
0.132627561252143,0.2783402778072126,0.00755000807494971,0.19154481515832664
0.1985767399485248,0.05977653054017341,0.06753733224126458,0.17716469705542703
0.00680221894642905,0.03571064694603194,0.04036831230100338,0.062335444021312525
0.07494317880657267,0.08337324137509171,0.02468448508625829,0.10210243223913303
0.07713013846020127,0.05910691512298461,0.006349756842915721,0.07294916814072062
0.09253757756493215,0.09430716536956113,0.013633669050222064,0.10227738599965674
0.030893045036674203,0.02794486707242374,0.07140023804491323,0.10596235586621058
0.04174212146398062,0.1755081205129714,0.05680846762321018,0.14323933852902335
0.10219627366431118,0.01035902267041513,0.08071395657623916,0.12629047358758463
0.2770545730875199,0.0906244723608063,0.08857248783529217,0.23398014106510198
0.0509871439111431,0.1394541801642091,0.027477127571139792,0.10953647902664225
0.12010221093733527,0.24689906535762787,0.02106292360454655,0.18059140681539887
0.0799099559021333,0.029891262632038562,0.07697294689539003,0.12229028502220829
0.13499534989035727,0.1950529029182187,0.05012145380568298,0.17959813702827732
0.21937954967079001,0.14512083236723708,0.09628089924540024,0.23113525345706587
0.16326507562251616,0.08246334879492503,0.03891297390399863,0.14670524883707495
0.1867380885275791,0.06594239233978418,0.009942480322915448,0.1260536660518157
0.19404160197480894,0.18055718582635938,0.005574734700073869,0.17129336325051905
0.29086473880256614,0.2528544618057403,0.0865040438706231,0.28097162850808155
0.28145704404975314,0.017975092339097686,0.08760844463275397,0.21372350959171568
0.25409055087372,0.09500541917613033,0.04879246518695035,0.20343348484737417
0.17353712207657532,0.0577655944305184,0.05058898627957273,0.15679052192260276
0.16399997197148206,0.21802107707874327,0.003674890037376999,0.17294181594335806
0.05377066670714193,0.001859342982427914,0.002226338783397164,0.03375540763138703
0.1366588014504523,0.011677836390313834,0.00038716303190901026,0.07212442519506726
0.26526044113632613,0.12744333132922891,0.019295009879329153,0.19873343309087138
0.1522894703270504,0.18302266407465975,0.021075583587477555,0.1676175763674594
0.09634466140934816,0.262296520583848,0.0600685412151985,0.2136527947800957
0.26725163300721627,0.29270716649449924,0.047967679648146945,0.2715372644393591
0.11551838127736873,0.15163362362858349,0.08177890445994576,0.17696810978981528
0.1555570004364875,0.22188946769435414,0.03996418802853949,0.2080304131456577
0.16059429732811745,0.09649112373433198,0.07385052588298562,0.1821334284119566
0.17383481660885347,0.09782417783447292,0.00581095547324293,0.13054555501192625
0.07201110894034392,0.2804935454594846,0.06073344789815204,0.20943231516730787
0.0038853015388047307,0.2168143982785847,0.03494638665220232,0.13511077109558695
0.19541106501753722,0.21652482880362545,0.0608536775849731,0.22163697629089407
0.1962627813961528,0.102696056437868,0.06058730044914345,0.17599760534123293
0.07758747651833385,0.23948335770721432,0.059010993022205985,0.18619509699749978
0.21026591175205214,0.11914066077399942,0.021841662437508326,0.1622932773501448
0.18031553232265926,0.28334866284502697,0.08646120493043177,0.25113019521883573
0.23604943173322937,0.2008630112419149,0.06659372143214859,0.2373248110249831
0.14323010386570603,0.07674436053274439,0.05116391018266808,0.1365326821133838
0.09138155765537764,0.10109021272773767,0.053446168283245804,0.13903137703523633
0.158055817900457,0.08078762546164088,0.060462186657310596,0.16597117087549054
0.02960933684608312,0.17994380444002384,0.08749263977178852,0.17111699179959097
0.2334010988716039,0.10455030293715734,0.07759849650788592,0.20806243160859497
0.05251600348591797,0.29360954187099414,0.00649756251113115,0.1639290459164791
0.1775294238330559,0.034475187818894436,0.013465139135544958,0.11441748545669213
0.02984540146828053,0.2944424820093729,0.07214052856970865,0.20858409727884614
0.023706882063871903,0.047400145442150696,0.09786582058239124,0.12710331154493626
0.06440974920757014,0.13543112925329714,0.058967708562293934,0.15442988669072916
0.09758422829390712,0.1952269490288824,0.009777612909576239,0.1480373776939073
0.22236262694191686,0.04032485140690296,0.08514339395028218,0.18609415795928802
0.10361160008343283,0.09222448320093223,0.07147990333036562,0.1553503827392768
0.029014836533888654,0.1322213139156799,0.09166196346641808,0.15040833158214043
0.21061649688073372,0.19740015149366927,0.062225363403867,0.21829531412732944
0.05247859677038897,0.15218817942105745,0.0483899975845925,0.1364045475641999
0.08335116032439512,0.2808628582764491,0.09277613356344304,0.22296310194153035
0.1597933676481796,0.10849915818461933,0.0634348250442858,0.16484787754034075
0.10761287933871286,0.19623120305900224,0.09817429229411237,0.21806620876254218
0.2409190932042933,0.14683984843947062,0.05205714962663981,0.20635551724379225
0.1243929933734437,0.16282143975429222,0.05078303637414033,0.1733367153951933
0.2435114757986086,0.259568559291931,0.06173210411884357,0.25044772771622076
0.1298457450610704,0.03565042334757213,0.020507558867165068,0.09708636954979852
0.00031199616947181764,0.007529543574499475,0.05125273637738014,0.052328593358373296
0.027559605613641822,0.2417174520451943,0.028379418997786433,0.15422813679833508
0.29917321010526976,0.24071160154792184,0.09927242297774636,0.2859155340483215
0.1659136155043955,0.08388550670595321,0.018706732151620054,0.13388338199365593
0.12566918361975477,0.20043908410149514,0.04735263252815343,0.1808130889309851
0.14766559885725225,0.11850959416401545,0.02517651502961741,0.14855402964188696
0.29639066165437455,0.20778054381202188,0.0557163201077203,0.24805708739446106
0.29085194103058715,0.09720288104991259,0.024707666741935797,0.190500498389288
0.28922207703772906,0.19013998078776204,0.012623729066632838,0.21669205439644162
0.2382897776722206,0.0045515208815051994,0.07639824278036952,0.1808619692609688
0.17896824310455017,0.13497302482423668,0.03427770905006429,0.17112316348718778
0.13332205850047085,0.13876690441984413,0.03423552654151251,0.14580656125303298
0.10889210683551538,0.12427456154580847,0.06347971805717133,0.15328923556435065
0.03794613003720136,0.2702300025366657,0.0482140071447461,0.18672127364817093
0.18867296932102154,0.23460730728604115,0.06219888677482138,0.23523629643104096
0.10130736830812688,0.03484911640113984,0.08842685413090698,0.13855407373256887
0.2833539087312825,0.17070486381113237,0.08185401848279894,0.2538646784723617
0.21071226487771158,0.14041068777746893,0.03812014246255873,0.18044932468919805
0.23494888644107612,0.14789461141333965,0.012370070908544984,0.18252796848483682
0.0015066629669067465,0.17471123656391033,0.07976180665856065,0.15619118340934657
0.24040831739175095,0.014501013511127358,0.07404165351148528,0.17702231191149503
0.026633643161573548,0.17397025396858729,0.04247922717531902,0.13204759098952548
0.1683195560394016,0.09144169164089934,0.09182104528894759,0.18627549876128557
0.2816206238271584,0.07860321996984286,0.06665850641245495,0.21842728161790642
0.05601365430644234,0.03599610267265119,0.006176787890276304,0.05033655568145142
0.129557966456611,0.04858837834150459,0.08023326111229552,0.16012533839493662
0.153864707783524,0.19065729303947074,0.07114172793603428,0.2035111840499341
0.0420188839838106,0.0431247183379811,0.001572172555709428,0.03754418636046884
0.20152067061213458,0.2644547112200456,0.07403607560499907,0.2538033759871469
0.12323925071570534,0.1933169510216494,0.060557004214737135,0.17256434509371824
0.044410806599953896,0.2872120653997771,0.03680837980097913,0.18870636128597243
0.09022779961201823,0.2002176143955271,0.07344927566965247,0.1938159796774742
0.15082837882131914,0.2656934432828868,0.016148701284083168,0.20144044750422382
0.042454223472920445,0.18092536656956748,0.07588457762742645,0.16266148614030912
0.028144829771627033,0.10874849352087536,0.031431471839724716,0.09107361299809712
0.24743505267584154,0.036495524446883566,0.028335849543347193,0.1541479718401643
0.006934706609884133,0.2230616513677572,0.006115074323982295,0.13052464872859415
0.12686044673337996,0.24663828667933435,0.01563932915280111,0.1843399486627919
0.028132011308173475,0.012096185716920182,0.0040453652133320755,0.02357458758103831
0.09675697628026526,0.03244330340006152,0.09470028144958703,0.14600311837772437
0.06811987753600654,0.1273519632808052,0.02564466598404145,0.10947556632335922
0.29723427129135815,0.09575997244459182,0.08938159294270032,0.24497804793860048
0.2519630177361444,0.043448638736716914,0.08617760423384996,0.20035689829655629
0.08269392359709181,0.19073338294229913,0.037929793252633896,0.16223024392992724
0.10804938821421968,0.09888442856335476,0.09492065086197059,0.17025268848939476
0.017172238272892135,0.00887128280007512,0.02120754635537634,0.03215529032159291
0.27444349921491645,0.24976210129434961,0.03548344792711491,0.24639450004262703
0.06026494363034931,0.17110589102869037,0.04350041809927555,0.14783883973667816
0.18515416944221771,0.08387378783895758,0.04691883412062312,0.1646548218441321
0.13977034170566885,0.14723447104172768,0.01875625570755464,0.15685352446989836
0.01741885451373254,0.028181311001110265,0.02001390860426219,0.04284370723007637
0.024236065472310275,0.1667545461473938,0.06121494138403667,0.14258497437244194
0.18246881348804883,0.15319889960601693,0.05077632777152478,0.2002144120913183
0.09149366435628549,0.18946611707055616,0.0186108905630755,0.1369950392137071
0.20502059496778927,0.1888506482239893,0.09798344933814705,0.2416533048197605
0.03975708361639367,0.1357950388748437,0.07142188581914231,0.14642185605940342
0.05327548981494793,0.02244561586279865,0.06800456485261852,0.09409730999346314
0.1984210536328442,0.10848120786385604,0.0567240492294585,0.1931846986038346
0.0036239398046246426,0.252821767276387,0.03490166241789472,0.16487017388534844
0.03826717470355991,0.12042436689653886,0.09401209240679974,0.15130186621823513
0.29959152196244765,0.10135677199201894,0.0060588481860644585,0.1916818320564781
0.040575457968420776,0.25177733031475175,0.030449254373144066,0.15622860649423406
0.0623095816582383,0.2945723336343609,0.0962675328520281,0.23721087929088686
0.24966592004157045,0.10679542886103145,0.029791037974648507,0.1945578025489937
0.2226318013328607,0.06372419822355824,0.04682791134406841,0.17731899852480487
0.2985976593771827,0.0023092046342183424,0.026141905741617955,0.17032390263332634
0.15338420876190267,0.015459841587609956,0.06874660073438757,0.14318541871577908
0.24238450411466608,0.1597986793806309,0.002575440270705143,0.1795793769368583
0.05082503295414551,0.10166691266649831,0.025776669437420786,0.09224503459800835
0.07039375802944164,0.27534589675796656,0.021087005656992654,0.17500835208365803
0.035033324980507895,0.2601191464921518,0.012735534896484137,0.1483260010296233
0.15231645643884006,0.013610122881773356,0.051422490960813194,0.12485215464649166
0.2972922959304508,0.2352459773476524,0.07495414821338292,0.27688328848041704
0.06279054203171612,0.051327692109308785,0.0654181486526854,0.10899889787965242
0.2114910020124032,0.19300772631658078,0.027358309643855216,0.19922679485443204
0.037822625256814436,0.0003971394786710158,0.09377432797939748,0.1117693271838831
0.27138919701885006,0.13501305992038712,0.00117462914208335,0.1781307173897882
0.24340453562293865,0.03420115080792778,0.04768438327351229,0.16872395723038972
0.08731064065447654,0.2529964010111302,0.07725964931809282,0.2045054913979027
0.042089070028030424,0.23801310007542748,0.0840396855997102,0.19277785208523515
0.06734719355708844,0.11953158250887613,0.008869293607331819,0.10088520045939295
0.2578441818719185,0.16005015762262315,0.028247534548606512,0.21133209668538555
0.25357442215759757,0.2589748791457661,0.03617578248726938,0.24157320596021498
0.22470334291015726,0.047997845534912674,0.08144867860496444,0.1899306362317191
0.12497003199273854,0.09329444470697032,4.27017291769638e-05,0.10048098255634327
0.2639903124482356,0.23977579611294905,0.04095900555158486,0.23906586247890854
0.196954997991541,0.2815673624074639,0.048400553590027,0.2319387111745012
0.2756808481243716,0.16680748741410806,0.07760657198235095,0.24709395101696047
0.15977136516081264,0.16371003461245942,0.04112923606617547,0.1714383474233309
0.03807396071842617,0.20885922629087147,0.09422768686985798,0.18913766228789308
0.239732832822459,0.1311605288231959,0.022372232548497375,0.1887474187620067
0.12812348579097038,0.18129075413743553,0.07945759606489095,0.21219529727916098
0.04074476063747451,0.24696560315916888,0.04496946450155821,0.17360697398171684
0.13896424837760932,0.105506826557985,0.002082978525901191,0.11468779528012144
0.10524078170979739,0.03643065216143904,0.04025718835540712,0.10817182106951251
0.023758115607997943,0.03904214721344081,0.00950090303560023,0.03741344999007902
0.07325374729834855,0.07438844181115614,0.07639510340297596,0.13358755501403824
0.22283801232925138,0.08504129359405546,0.027900866801680458,0.17267118826959593
0.06472135610367925,0.07145530021777456,0.03787390944370195,0.09779679217674977
0.20328296644346747,0.2956473669125683,0.0053871040148245515,0.21746261467341094
0.2695132647550869,0.03895087955066504,0.04334249911543641,0.17546133166483988
0.15430392920022407,0.28815728496534015,0.05863167427479286,0.2359106267345287
0.12677180414064013,0.03778664569911778,0.04609689788143485,0.12445844616432873
0.036727977450861114,0.03953666277689994,0.05636104425415553,0.0912536008787452
0.17874648206184723,0.24000732804527608,0.08840279494869674,0.25126892368956405
0.2599535696480653,0.2541172287975767,0.05507712854283821,0.25927254317824067
0.057976530883123406,0.06804006020552836,0.026779191104893987,0.08713652993424492
0.1436021640318504,0.23304802523177606,0.014227141218699058,0.17195653178299936
0.036628653363710115,0.06752197213079995,0.00045894899204422805,0.054442381043349676
0.1944706905463507,0.21980337437974348,0.03975542948162824,0.20610542788053668
0.09217797569175237,0.27559322078955556,0.09284976628586356,0.2334000298140868
0.11253725165855097,0.21063175093341796,0.05894505511659316,0.19789526569572435
0.04821495027070267,0.28726195160276913,0.07878392823176206,0.2081044946849046
0.20260978946351263,0.03148020221389176,0.04357023032476422,0.14283336181399714
0.20836399370109965,0.2935699303288382,0.0999584011062294,0.2687093057071393
0.26483456049598897,0.00029330536222665904,0.01839713657134756,0.14548350599092913
0.24191586541820015,0.19715551986275928,0.09435966954548711,0.25149360284276817
0.17252388692436157,0.07263125672105801,0.028265493351656415,0.13234154414820043
0.03564450971212461,0.2808986476934834,0.09038396993948883,0.21354117474917347
0.2417612829478698,0.165646439755011,0.014661962666216855,0.19013263883179635
0.21979433504275678,0.21330496879431446,0.013997567515640208,0.20017957069935952
0.2511362395714783,0.1460651709672101,0.026251414857267376,0.20631077074121568
0.023121470042631008,0.12240257800111581,0.08323129401237993,0.13323569378828942
0.11861839276161427,0.01207606194037024,0.09129542072849028,0.14578532440661082
0.09880165688127512,0.08335986611229482,0.08883551780194182,0.16606246160996668
0.24606821318404484,0.17022055878330006,0.044691939527352044,0.21150612231013227
0.25857251676319964,0.23590960163603164,0.06164912228326887,0.24921514958556226
0.21753570329750563,0.021606135978925578,0.04195471891943913,0.1447461252861836
0.047220162137374885,0.16463109042175358,0.008410521334670807,0.11494222863264267
0.14666361651335116,0.1613389442741106,0.005196742257268506,0.14758047746084438
0.009658755802815389,0.042638600681536895,0.05155114284208953,0.07550530094998133
0.13777062254384764,0.2800949164553277,0.05287386506251688,0.22967955175443713
0.0409173682669489,0.20292081754556127,0.056093573974936,0.16452468024275674
0.26614530392573654,0.13181536977418026,0.03616817478821447,0.2125797290943734
0.042903439350235384,0.08194413403573421,0.04643265594719048,0.09791311827436897
0.02512528409341026,0.05746769323798396,0.021235359619428795,0.058914883930002396
0.1550767594071131,0.10999352313678562,0.046533113508533064,0.1607090915222671
0.022756262923671364,0.26639644427947934,0.09564631996781175,0.2056398379797164
0.2875185134698636,0.22748247835165636,0.09012593650152512,0.2804876040171643
0.04907705889098383,0.0692068443988703,0.07883148120753017,0.12845727049711475
0.04630344521889563,0.08479242873249121,0.006601800367338484,0.07116779026678659
0.08774671525580618,0.26873649861321475,0.047626923596489616,0.1977832881889866
0.036451253102666746,0.18291467846689746,0.07804527608117555,0.17704514459478154
0.09419272173130142,0.24850714056653958,0.0017522799368225096,0.159940544995832
0.04160067792000944,0.06859117099370021,0.05081722438929251,0.10105537773591604
0.24929838442905952,0.12307305761105278,0.001559424337489468,0.16473889825306415
0.037519443938468344,0.2998836052302004,0.030286604045401136,0.17884610066860898
0.29126361286860464,0.0689591627171649,0.027089427837269378,0.18923988606231748
0.056193516645929295,0.002728108089630965,0.025985433933469707,0.05073415455190637
0.12992509140615785,0.2947207869214413,0.03453902551568553,0.2123352276016321
0.1663129479963432,0.25334402269300277,0.04504111139031658,0.2156429147649495
0.16385321565935979,0.22624524481292474,0.059856960809962334,0.22456085092371011
0.29016614620698494,0.10759559595778546,0.08112063070167151,0.24237207094051166
0.29704510340576173,0.0733915761577465,0.09910676139929442,0.23288717360188954
0.17783200794247211,0.2985705857881098,0.03375898597059925,0.24020399409331597
0.14988601537355212,0.038103463900991175,0.014341108438951434,0.10448447556150746
0.25430380031770594,0.027294488934079042,0.08600065473928242,0.2102831736431451
0.10138906589151306,0.10270577889482162,0.05824047812814446,0.1444557039462521
0.03008400342444064,0.16574439856602166,0.09288983030107623,0.1790339011086087
0.02565219118871338,0.05002083503218861,0.0741164884032119,0.10657650376091092
0.004262898494344136,0.11165045317474305,0.07017287955016556,0.12230163037144726
0.06747516233308157,0.019360949855111862,0.014362275045000594,0.05824189576333553
0.08168952077157905,0.015327393561378744,0.09189270924138021,0.12550625241971425
0.037378368621322135,0.020317433697819964,0.03288943246791115,0.06228723475377964
0.1667006538797503,0.0841027669201893,0.04977958411359934,0.14447582159110067
0.26430007410477324,0.1431599898281691,0.07862602620641385,0.23514947209847
0.11467314269885827,0.20201328308496477,0.07809226601123664,0.2034009207978087
0.13395937511857303,0.24073404250648617,0.0821902951267129,0.2258499001269839
0.02430296167990361,0.21342899484273029,0.07991386686446848,0.16888777070395694
0.23673225104275514,0.23853557934211145,0.09565614865166924,0.26264676001453136
0.2133021895659842,0.17286701179499095,0.07853083975716757,0.21369817851348022
0.18616684921168378,0.07888985281799052,0.07161091527082851,0.18432186175251478
0.10408203661294278,0.1940940972575358,0.08569780213481382,0.20468258910937304
0.07460588185736368,0.18230609267617703,0.0856276352607318,0.187916201678513
0.005133684496643187,0.05703297853331297,0.07502498138901453,0.09494361467911798
0.20899419305523229,0.16219399042219237,0.03244678569953805,0.19343081231237305
0.062342598942815415,0.0733864711105647,0.05559558990828009,0.11296718995438944
0.1927629917871822,0.22483963196938903,0.030499050323551248,0.20099794347053349
0.02233523150093276,0.16333507339765035,0.09557422281678747,0.16710741260404105
0.25545439850468343,0.04811865624993431,0.020845743089976443,0.15720875610281465
0.1971495783557524,0.0034686969449577165,0.015663023859242908,0.1156643079875429
0.08556662927872104,0.04159400210659437,0.010138160074993753,0.07639649001367595
0.1351443012416193,0.08075044777344,0.008188736743651349,0.10195516849980375
0.27463596471347096,0.2820796414950066,0.05362494586075074,0.2708378413971504
0.2605812753811912,0.2309849640279441,0.08138150896531172,0.2558106794527374
0.2701422479750087,0.017030848098740923,0.006193148880741329,0.14431283695449257
0.09744592176784438,0.2092217661336181,0.056565646672661,0.182903736372511
0.07509712166642264,0.1882498628592678,0.04074692307078211,0.15632924967594025
0.19830547572149512,0.2726677039336004,0.07234410831605868,0.25421714312466875
0.2644098179873178,0.011183438684614156,0.02059261206755655,0.14811983218003782
0.1204078048041394,0.19047335171366242,0.07740661978390696,0.19180198724698352
0.2513758755358099,0.2851988140998823,0.0027870367822073975,0.23510142217688362
0.07323291103422373,0.001319546362593016,0.08219279216570989,0.11104820548150152
0.02801228888946141,0.1214313171928935,0.0701485183515378,0.1355728717892804
0.05125733894410434,0.2633063380214723,0.05669202840223574,0.1866959299554382
0.0601485758530011,0.24717821468424342,0.011146644415772122,0.15598868150422285
0.09231352458533434,0.022930388883353324,0.045352622583937845,0.09706516761019732
0.20562405783928775,0.2758339202734291,0.09007851423836227,0.2502786992117024
0.2658723043941473,0.14039917801343876,0.02178356520797834,0.19540968137176692
0.05565203228466302,0.17845146276089693,0.02848820118680484,0.13372797415362464
0.2614569076575916,0.021920524192552582,0.0021476540206917917,0.13660904787215364
0.08550118400471647,0.15114042136539538,0.01896457285781682,0.1295057757547246
0.2534936362496406,0.1142673179847222,0.01593952451739643,0.1733350695162441
0.05617935112424455,0.24421880473379148,0.05130162460005602,0.18041774460412552
0.056886201255093125,0.23830666624874774,0.08300131285262484,0.19756889847416503
0.1982171184100971,0.2024764180837834,0.0042466805897182,0.1846101897859961
0.019126502137717338,0.16617457160340215,0.059873795504242655,0.1362109325619534
0.2784621006510298,0.27174550811561676,0.048279939253273965,0.2565228396175554
0.1252534623926934,0.23141177936110086,0.05583367504766549,0.20597797940938642
0.2322480955612567,0.06431544465606938,0.055586932655616976,0.18249752471567307
0.09668239044622907,0.14831315648525342,0.03908251783910202,0.15015797203717146
0.09469165087984668,0.06239263174075361,0.0046278354656618895,0.08031020631001674
0.2022474343324253,0.21013251785474416,0.011466896027141694,0.19310046445609083
0.1922337591696901,0.20989076385379482,0.02180314808439279,0.20419893306572087
0.2572690026378562,0.022405686832054395,0.06898758374408714,0.1785522815915675
0.2129071236788734,0.026829130058733417,0.08208515444370318,0.1792262338042689
0.2872152871396959,0.18012519493064885,0.001962444836359012,0.20516501146183472
0.15913385126941518,0.11669502093936528,0.09926458669795689,0.20054177774510556
0.1927521517076933,0.13255359561702837,0.013771280939869757,0.15894368085858088
0.08152812084572979,0.22413235289197211,0.013624332732732992,0.1532829360428763
0.2774185772111405,0.07916167160673167,0.06818450778547146,0.21563708861382605
0.2156246275328754,0.02573431508769929,0.054950926405949334,0.14821820796871704
0.0533622306619138,0.13708601686159574,0.09302371997107593,0.16925078794071186
0.2955689798846885,0.13977837909900628,0.08615468855591432,0.24764481795488474
0.281629192816641,0.07400005858134238,0.0743613059789205,0.20418738069217163
0.2745383159771711,0.23062012240065807,0.09176459115760419,0.2809902058884317
0.199283586345547,0.26757802212176385,0.08842667523990444,0.26255121965132544
0.025323288029691724,0.2652492644683002,0.0218121778518803,0.14981429676971256
0.24484750228170069,0.0069411334273191015,0.05083247499231315,0.16733128554020382
0.0598199861653226,0.27941000500331475,0.08575419505930876,0.210300316946392
0.2705129860326787,0.2412990700363346,0.032237364637834234,0.24508380639107089
0.07470964324698644,0.003412574249200728,0.0758769399888923,0.11591339268319027
0.06593278892052162,0.23614302156621897,0.027525317579647757,0.16345467087458768
0.06465217723245013,0.0981031720505645,0.0694241421420907,0.1383350147802301
0.0975679284144641,0.24967914307475308,0.081941719293919,0.21420365424207238
0.2551871184501981,0.1594165609840941,0.024557552590423404,0.20039775648915925
0.0718412782903617,0.28938630062541404,0.001958339776153639,0.1640948313782473
0.26481973775560025,0.23288521507872617,0.050385851107340944,0.2483927700461066
0.20163503581239162,0.15817395323121397,0.04960234902238506,0.19695368778568462
0.06997263994730252,0.23598517598032864,0.07717172620064974,0.19309942531142432
0.12225199001405126,0.021881143268679813,0.05110687673323466,0.11792817887645586
0.23599447440896834,0.007649596903430766,0.024352020807658414,0.12909490415726116
0.0064592119743948516,0.025599116197720484,0.061214157671811625,0.07765783462289413
0.0183291398639855,0.03688433080972564,0.09896562212351953,0.11308062581941161
0.11384764913970045,0.07388671460799957,0.016855885816813267,0.10917680080404046
0.1780619614733521,0.23196657504095397,0.0402214054806069,0.20952661541471712
0.2125730775018608,0.062445724538195885,0.019078765450165836,0.13894063161006437
0.2823132786097434,0.25537027509286425,0.03334657589023687,0.24884150429511465
0.08441591974404931,0.08503278870370565,0.05370942610268179,0.13600910213403902
0.23951219775194427,0.1193814918906282,0.021537712269236422,0.19194885915615303
0.24419879086754825,0.2249608632630156,0.04251379318973556,0.23457903662013582
0.24803731115019656,0.19512881168971086,0.012991737021982653,0.20293948217258556
0.0605536871030915,0.13298138321495545,0.014368276262459456,0.09880972693226825
0.09934216613640785,0.10215169591418662,0.09562937089447622,0.18441964235231073
0.2511071183956904,0.058275178835152194,0.0729535516924144,0.1950371785000524
0.29742418530543774,0.27182437553923594,0.0634071224774529,0.2820902462924143
0.13355718726376206,0.03959490778054969,0.017703911662510764,0.10707213976698304
0.2129339230552045,0.2133465796227847,0.0570491767412362,0.23372675121872838
0.15824336554306542,0.16252716646247237,0.05919349242892043,0.18897259013075157
0.0927572282755682,0.15713505554157856,0.06084309181662332,0.16759735353720848
0.17925083694719565,0.18016284190223947,0.05613985724482954,0.18540583661771035
0.20818258915609278,0.1687115163824151,0.053685188183815714,0.1989237033292493
0.17473581899465077,0.1548419767997435,0.055589743868853105,0.18249810098979113
0.15977312757227038,0.12868162656994808,0.09666156056775144,0.20402159933970548
0.01951593100393436,0.04275448714160277,0.07215379202037701,0.09693970671270523
0.28787616209102346,0.09303587449188945,0.041723784847462066,0.20700127912682587
0.03383535867323625,0.1742927275018529,0.06611051990088843,0.15454127910099194
0.22322707312719353,0.030908972366621865,0.007322919644340931,0.12903755041008957
0.06046125899907007,0.019731484337408012,0.06903957254399158,0.0981959713636428
0.2272518840696855,0.024865691694954173,0.00594563000963344,0.1270935776967615
0.08723742818469203,0.12577539092769557,0.09873307592533698,0.18082234932234945
0.26247849782219795,0.0421049002834968,0.052652608000944894,0.18738341501053463
0.2979251967446374,0.18982175216083888,0.06262317698828289,0.2416405702182421
0.1698735492038794,0.12798920010769144,0.04035193461705882,0.1718646722903449
0.21931956143939538,0.011791349154911989,0.0022862792577737047,0.10831701145044917
0.05869542463181484,0.06074066503091677,0.013510159639683429,0.07082038427191314
0.03326995823898116,0.07882379120029634,0.036947299927258,0.08666548649578942
0.020731182420248826,0.015819411215985645,0.025252719444854133,0.042287875782338676
0.2684555629327691,0.08952773278019194,0.061244290993825834,0.21039911143682807
0.08137225271694605,0.21516787865136017,0.04747887347499838,0.1724563827860775
0.23872997043510205,0.11556520497878547,0.07918582027231166,0.22484252923678358
0.23663595386427222,0.29285303343392594,0.042089582191051106,0.25124177412311705
0.058812240759595985,0.1949575159134164,0.07640134900584494,0.17105927438511956
0.17701639140530506,0.2763231329559936,0.07016107538722931,0.25322494258534556
0.009505055315497968,0.0930199085337982,0.06674428413725712,0.10668255323366349
0.25879449556160183,0.2620721361902564,0.0630301287040332,0.2534729533693308
0.17896958394358767,0.16292218283685245,0.06681867122693143,0.19984437091028706
0.013634630976083738,0.15734610789192552,0.09624242078856872,0.15473935997358695
0.1922174728617236,0.17534105783399476,0.02306965897687027,0.18162178781662092
0.11264579959895632,0.03793708519858868,0.07806672352827049,0.1400699029787678
0.18918158199712887,0.2674019049447851,0.05870002136858474,0.22909151295391292
0.028995088647953714,0.2107917279524256,0.0549076421974706,0.1577562178129051
0.25968447190132676,0.2727524628646809,0.0020567409129053416,0.2364127689362389
0.15663124640452628,0.0918266982111231,0.06119450022522565,0.16515411214212256
0.24186334779145824,0.12348729729324376,0.036128519214894315,0.1893988349564572
0.198739960031723,0.24753153771630548,0.044089625313383056,0.23449103817529243
0.1802016913194707,0.2280588975675062,0.062259678444486044,0.22406634526624764
0.027876874961751983,0.07011614024217601,0.055530954118622466,0.09219878863513756
0.2025626508220535,0.04613214319194376,0.03931763611135963,0.14666471503666936
0.23393376140112457,0.1767241293516779,0.050996527901369805,0.21546079280712735
0.17870100317798607,0.11238096958579896,0.08575785982400287,0.1962006179882813
0.03212877163674827,0.06462926377173332,0.07747737235114084,0.11443308097795257
0.13982000616168047,0.24634673123242998,0.062339434100783554,0.2275848361554425
0.007268861251397085,0.04164205462048146,0.055068987817935025,0.076118361697204
0.19518014329789066,0.09333266575432106,0.007230815131839575,0.1432937282878081
0.2771310109907669,0.1301760390709883,0.07519875690256912,0.23364358180645647
0.1718501458581307,0.026955892252384206,0.008735476490217409,0.10886281730782084
0.0067330346136803,0.28772022999927055,0.06842206533300163,0.19167127614016813
0.17690638042374685,0.05624780673599728,0.016354532011729473,0.11803354397203139
0.2566199281137833,0.12418629629572919,0.06900102367145115,0.22956865145340477
0.0285551792998311,0.11714220291110655,0.03260307943159301,0.1023180527015938
0.1707206236818583,0.17421966679680392,0.08448125767799644,0.2039111041780685
0.22206783023453353,0.03975732066594193,0.08578573149836388,0.19731957890728385
0.2567276096438891,0.22537117544174243,0.08548460241887747,0.26170012925611363
0.18827759491514068,0.23748089755008653,0.02088585891994882,0.20670142703174368
0.09367757848413531,0.1898258695793137,0.08346007328495883,0.19488563306632078
0.060793602737592656,0.10195697032143973,0.03454692822625632,0.10464088246071564
0.13807925509646166,0.2940577008766397,0.07759482334761894,0.25337816165429544
0.11690588681793153,0.06150688520516596,0.061187289789867344,0.1386091949712001
0.01714604681526195,0.08413976573672545,0.011203503598469389,0.05366457841764719
0.1484445182082099,0.2301611138345152,0.06943149507675496,0.2187984359310528
0.11388168088716404,0.2779540013449301,0.025469690641345223,0.19384717254602785
0.17064063916494365,0.04396988168562772,0.049546383260468875,0.14045756632374234
0.02021455653038364,0.13750652190154425,0.016384376482367204,0.09099529386499557
0.08078760788586895,0.2896720219641248,0.06725304208717509,0.22005632562713356
0.07872705191060435,0.12665777700471423,0.09856498048706991,0.18138016708642962
0.059168951443094,0.2621935229359975,0.06680622983998742,0.20350514628177657
0.07417531508481863,0.13970454507516172,0.02770536069854499,0.11889236978679048
0.21433517513790087,0.2912035226479771,0.03024012164682487,0.24054119097183158
0.005120140273324858,0.29243212024225224,0.07500810807503322,0.1940890826471102
0.2740799522844707,0.09920390471106721,0.0619274434198753,0.2165361663249111
0.23385558153123884,0.15734971036719184,0.023902021861811895,0.19555383220218603
0.1808852430823153,0.26824674115568536,0.0008282169363627578,0.20398491275542607
0.2131123801766569,0.09187591738529853,0.06552014970250317,0.19257183290456742
0.20407813506850694,0.22753915218273285,0.026103914062111856,0.20842030838136338
0.07823446788271683,0.14864372989270255,0.04538747223298095,0.14444774283873135
0.14416479316504938,0.16176765179662725,0.013335833210951787,0.15789989118438957
0.0679640203135617,0.17270277590355806,0.07627521220753576,0.1670372874604948
0.2018192446842286,0.005600978192736993,0.09292742566679708,0.17647694612982973
0.16834766892688166,0.08546094452140973,0.001169127868223452,0.11426855113198524
0.21451556231070715,0.23072247082267716,0.09050384436586088,0.24678736210257823
0.15149316478420757,0.27194317719645744,0.019193839796044245,0.1963323423900038
0.2507561433098988,0.22285661070556087,0.09616212974367776,0.2691831306486102
0.11128696642803687,0.07943435991003088,0.06040503074420331,0.14340506313275894
0.022468661203220584,0.08697873306805776,0.06634248820843426,0.1176512120778626
0.13194015908441695,0.053010057448187264,0.04011892893652239,0.12228239471963079
0.21900724938761176,0.17157546057114353,0.03208370014875522,0.19465433029941284
0.20936691577862862,0.10481902407120904,0.02884463447065958,0.16195587158157002
0.19211619940006455,0.15423931498216256,0.060317409387212154,0.19028761273053305
0.27510333121185526,0.010183794401235723,0.04119806034674487,0.16594013020438164
0.06828298841338026,0.25738460820031994,0.0026256674611654044,0.15703582659685608
0.056597390054605255,0.29528643017520756,0.01151659076133067,0.1755939442716935
0.0519327544120751,0.0045207426596091446,0.028945379816747708,0.056098585278022674
0.03759852983870538,0.06319313467206382,0.08306539233221415,0.12922645790301937
0.12476527027934031,0.23205782460299185,0.05705668013229625,0.19874441160937312
0.2904504498614988,0.1642949907007917,0.061079462678041256,0.2318414562787646
0.028446226267378336,0.13374714102238094,0.007398370211639427,0.07989133771183984
0.1665402795536102,0.09809064203830647,0.044962194808709124,0.16783381020754498
0.08059399624597868,0.21850634666156554,0.0029771356539671336,0.145736178644977
0.14806677354146927,0.17836717949607203,0.07721329734888481,0.2049034439114159
0.16510320204761042,0.22087472237400205,0.07367105972213268,0.22116551751706953
0.04101320439106367,0.21041257624095996,0.08611141607543556,0.17760812989704175
0.2929203566698013,0.010440601883485168,0.08203194267508375,0.2123272189608659
0.07533773106732346,0.2717940800684188,0.0743210823818559,0.2110382267711214
0.035859553994662015,0.024052778696540978,0.08461950247848664,0.10242621746871576
0.09262825095503013,0.15392116205326664,0.06006529577403191,0.17030395693801523
0.14643689143003485,0.17693810779031321,0.0839812488019388,0.21461172552409097
0.040623844215156725,0.04099766537431414,0.05526655517900554,0.09878460500850553
0.057040056003906686,0.20900411153622284,0.045834253251082015,0.1610812004217852
0.0022807235102811686,0.12292032024097965,0.029116266823012972,0.08907542222766528
0.2590785300385818,0.06587469472839494,0.013171388212910806,0.16060314447341706
0.16776523117900105,0.022404216304603018,0.010465425101956471,0.11117754646279505
0.1320863451849408,0.03907556627249219,0.08317869444631204,0.15143265985666288
0.2167091948078874,0.27337272432805976,0.0066488360644003765,0.22217684142390492
0.2194643708444973,0.0016314678474913745,0.09042874402782818,0.18484526933339235
0.14907947737355665,0.0031998523271072332,0.0827964528094612,0.1531405700338716
0.12208852414350209,0.10886191213784656,0.04711045768405762,0.13832028182878014
0.13164205688884914,0.2535399704259235,0.08802061839181097,0.23297450009599627
0.06373356159197664,0.29919976519519764,0.019425700812629232,0.1879030627781834
0.005318389064488593,0.05148595481325841,0.031242921244563272,0.0521718303017336
0.24147178877387354,0.2285074157569711,0.04036138869695162,0.22674595411483606
0.296838076733809,0.0585152168558832,0.0890318389332052,0.2327452004558468
0.009995065192136653,0.07045085501047432,0.002745843100871115,0.04325642029177343
0.18345591466923158,0.2803922619461424,0.07554553897115701,0.25853136909485575
0.2515867022314281,0.08400146178888628,0.07871201276048649,0.22784737033412053
0.026694877245764213,0.10478385165626768,0.048584421640992026,0.10379750442766386
0.004524388875246565,0.004205083952978306,0.027244436907788806,0.03152994930102463
0.19789625097586658,0.04038598278765617,0.05606360364689579,0.14951854886496
0.073368007770343,0.28304727220395504,0.011455754550762587,0.17391993845887316
0.08402284799397929,0.21328362519501945,0.08471306043766208,0.19367065151708476
0.25059392290626376,0.1283804763128064,0.0634253709044179,0.2067919267247833
0.24094288402878855,0.28074931273187825,0.0447404833132464,0.24666615079203993
0.02399733851027248,0.28323567782580794,0.04178660868281227,0.18540122228812583
0.09796024516765212,0.21707949005126204,0.009232165241965984,0.16656223990221058
0.27674067903823246,0.22628005337959967,0.056055565467900616,0.2573085773108804
0.19633458049325211,0.09806452754518052,0.091422187549422,0.19904853067805697
0.27837126709674764,0.2481156594906408,0.07747464518142877,0.27224707429056333
0.29852149176888415,0.019410613997398185,0.04369573873513092,0.1826746763109219
0.1094841852860777,0.17651153782301407,0.04242238475648788,0.1703602037711485
0.2451111301411275,0.22142576147744106,0.008564155407502628,0.21115393379604358
0.13061325681605102,0.25331005468111534,0.0935690952917239,0.22518008387695163
0.030348133660137833,0.16915315855480625,0.09337475192819228,0.178805818201947
0.0922996803939471,0.20562684150661292,0.026754713022635115,0.16224235841420487
0.022901527775579023,0.15870907622918823,0.03909813949205705,0.12844210276602788
0.05153411171862623,0.08116208558307743,0.08698564927679926,0.15577027291101003
0.14611013472801468,0.03925776466402512,0.07080979606830501,0.15783525930860348
0.2214646894646655,0.1296090898839646,0.09324568486742196,0.22687584468788904
0.252008194866044,0.07954107285105469,0.06038824880165954,0.20849116331462425
0.27197891103764027,0.17478357888234533,0.04791416423816195,0.2370807140997675
0.09510425180285584,0.033656939835442864,0.07163900680864109,0.1299565320043612
0.03540891371094925,0.09361729904882217,0.09641180919600491,0.15195906647392024
0.1429240492308411,0.0973420105948269,0.0003762056583817342,0.11216628188622298
0.19237867329011935,0.11232860738871522,0.003112415554481085,0.14014424803373923
0.25134875256077893,0.1972675543122054,0.06746426737141147,0.25750962202411454
0.051976096734067764,0.051405575083758044,0.06462847369972007,0.10621315651000351
0.13504672845684024,0.03319286879477148,0.08057358389797475,0.1491901359365187
0.0077330496681331734,0.24171980050284236,0.05322933707103797,0.16270726057183996
0.2418482278791752,0.13396098774279266,0.02715847155106418,0.1923935630013954
0.11365176063356458,0.1404648527127921,0.003553213454930471,0.1283734329102891
0.15599472373902448,0.038422720915719265,0.028623881927200858,0.1138001975311778
0.13537572820803817,0.053101079600593,0.060700999413842244,0.1437233732591933
0.15220971910001727,0.003132086899525044,0.0279120514298688,0.0997183497744288
0.23864447376099682,0.11648969249685844,0.04118256523963437,0.1954125589546942
0.051740607628795406,0.24126523601802233,0.008046601005663024,0.14385348023756556
0.07084684427914173,0.11610300844678433,0.0726416031368342,0.15658321631039643
0.2785405650831106,0.1574411656146447,0.06802324984433297,0.24490891270386222
0.24486096421352804,0.22782791760430365,0.026691522218831688,0.2259798232228845
0.11786951121023403,0.15784667227780178,0.054876098450024606,0.1679850116093276
0.13039562278615108,0.23219929130422123,0.02660497264167884,0.17073980087414142
0.2120378567113058,0.17191753567394397,0.06216546673067102,0.21749804714922952
0.284810421001253,0.1554651386515312,0.01112183071140206,0.20725278092135696
0.1900512902487929,0.21826388073156958,0.08324532109989533,0.23665607469830435
0.24239677349695282,0.06557720147013846,0.055985135974990066,0.18591148482371547
0.14431441186523636,0.1672927926963675,0.05536237815482686,0.17866237222893258
0.16633261538843944,0.19999490441389448,0.07702614693467605,0.21538519627299038
0.03744920443379449,0.21038702271903556,0.08324363975434329,0.1718069757090696
0.17737772101671778,0.2146998170668109,0.010851029155337567,0.1801658933112263
0.24864676317196244,0.04094804263497156,0.03929393830230648,0.16864818943029064
0.029226633068734086,0.046252422166613114,0.06293464225464866,0.10136556850025576
0.21324230500310568,0.22922377933821625,0.05034543167777105,0.22620943765783083
0.14610716203895993,0.2893120968598919,0.07420106320043444,0.24426149667563363
0.0016389142685663603,0.21151990704120058,0.020231943823772105,0.12513040004166867
0.13479181040078156,0.1397017012667199,0.07009438935078607,0.17342810465272424
0.0069566288001887905,0.2869283247466672,0.04527617255887654,0.18727289437031203
0.13529453063538804,0.15920352675769023,0.018291806976882232,0.15079305394165432
0.2648779109560309,0.15115473063396156,0.08654856117853144,0.2327858511219118
0.02897388931920983,0.2655640585357491,0.04030691179474997,0.17583750045266341
0.1689967262717418,0.2985183472598726,0.015863719007090684,0.21166040843163753
0.0891771196000186,0.133691221630195,0.09562941738189361,0.18352864354903692
0.26117012911439885,0.09423683916521913,0.034009885533592514,0.1911646003274346
0.0007296870376312659,0.25543231400817124,0.057748871722940666,0.16765644764316864
0.1938331192784746,0.012617934698896272,0.005901825741359956,0.10879811859868356
0.07153021540948136,0.19028025507683255,0.04556494354642032,0.1482288357995525
0.2437874260377033,0.021377144310360818,0.008416967511060025,0.14427290918277857
0.08180773214754249,0.046973962264641546,0.06657382039649067,0.12479980730429019
0.2824208821789082,0.1450861714757012,0.018868586393816878,0.20487935940419488
0.2887755438955795,0.07639624252415937,0.021776471261316613,0.1944145916157847
0.26895816198752187,0.2007212118275264,0.03031378263473631,0.21986659713165851
0.07371395372635801,0.02094477451259927,0.0709402197237893,0.11580477090235668
0.18751311694876663,0.19898700184230614,0.024548054245550545,0.18949156567366324
0.2163037298177164,0.2616477873213002,0.04361940721437733,0.23862399554957267
0.08034929275702492,0.1869951761329636,0.02933242229365293,0.14122043987795252
0.22457540074684287,0.2502745435509595,0.09083451145628092,0.2588638687705383
0.2876420524821844,0.15189090929911553,0.021208213928691468,0.2103974950800253
0.12784777343978854,0.2426363951672907,0.0065267438988399935,0.17364512410418526
0.12288195526964198,0.041835090179383416,0.03893771863208748,0.10881659341079186
0.1480144329526254,0.2201014954659752,0.01861248582380225,0.17660769068576465
0.09037226546110196,0.031675522273149334,0.0005610785510441363,0.058218843299779145
0.11107503874813546,0.2262687882508361,0.07252584515999044,0.20587131591944532
0.04593676831542912,0.07833044139071978,0.06802269847042518,0.1299602620817853
0.1617680987367663,0.26281066552205856,0.08960439602470366,0.24416784298989347
0.1430003163756048,0.2892591244828217,0.044793523184456854,0.22660331727926927
0.08576030777582218,0.22546066694014708,0.07711803764526164,0.2007831177900019
0.1449506944829488,0.2891703395855873,0.042023491720589494,0.22544085316934304
0.049712710814574464,0.08476978173495418,0.047466224979477514,0.10504148716343384
0.09226071634473859,0.13495401168107926,0.05507752526978848,0.14350596492510914
0.22426076528714703,0.2652370983665461,0.08511561837600523,0.25655191649571246
0.013009954730535721,0.24369908460376785,0.016132019172696122,0.14672257758305127
0.23713651418909956,0.010869645572850273,0.04924421539961108,0.16705782198514205
0.28108196150664044,0.11507241260455471,0.010070142307554764,0.19461903067065595
0.030892624172842584,0.17655607419001138,0.06136579426708714,0.1563074185472311
0.2658123966870266,0.24305052816433903,0.06092257987820461,0.2583913812096167
0.16133954506547157,0.04903600499723426,0.0960979788668681,0.16453288633032026
0.2139651854924184,0.15984756663300406,0.0028906905732668632,0.17340154934130536
0.18279511288397404,0.051021576040060364,0.0664532151586911,0.1621225143066776
0.14320994005805518,0.17881670367644356,0.026026767167831588,0.16946531570560514
0.1083889169549226,0.009644491984568048,0.025209590232867708,0.07839532001851748
0.09042439855472122,0.16314790029735435,0.01289469952999166,0.13023067769428776
0.15345925694330403,0.24117798511252012,0.09943859627543818,0.23438047512524823
0.29184598248215027,0.11414031034431532,0.08891330482327368,0.23613277138644112
0.23958443466920515,0.17536737328008473,0.06399932810215656,0.22308127592702903
0.2003452660491354,0.23583335630284236,0.018939299431484615,0.214828986295534
0.29261662226769597,0.17659189536169162,0.024615048442223245,0.21839733108387174
0.014898881924630302,0.2993349518087677,0.0518037695558885,0.18466078502304267
0.13028508230952712,0.006457286472935508,0.05008409878931668,0.11392798330011053
0.14981326184047145,0.08954395828410575,0.09873489374946488,0.19791954308278087
0.034870166070042674,0.24923869275154317,0.03015016854558965,0.15460113720222854
0.29215161888257923,0.06947633978734627,0.09954636351207778,0.2427071136547428
0.1333777995589676,0.2912191214308895,0.054780021491003354,0.22135292970395998
0.2506413289649194,0.0013559313644727954,0.03034136732324404,0.14317197158780517
0.2345462860654131,0.05078551484685199,0.022470618958502143,0.15663393216040006
0.12258468318530104,0.28617656912644784,0.07607140721490141,0.24262985665089856
0.044762621520741716,0.15771643194909893,0.012070102570181429,0.11540900615698682
0.22264694121743955,0.22527501234922406,0.08382826078976856,0.24686530905767187
0.2630434368181949,0.13396021790918983,0.09606918868835441,0.23864635674555404
0.022774456895826554,0.136929277277058,0.07253203180993853,0.14388147717782637
0.22880622887440466,0.11491615675171468,0.0951106518689022,0.2244996403116049
0.24071848282788408,0.27940083885586564,0.08134899477539652,0.2695301678283675
0.03334713347294906,0.07949211457248638,0.04615830917765295,0.09136818792218705
0.012002762519911402,0.12012728551807661,0.019887471628763077,0.07901559186405878
0.10173305642481735,0.2742802617106859,0.06206502782701162,0.2109727415017318
0.1872846584274341,0.13420276944750853,0.048876700433673585,0.179325141166283
0.06428946794591901,0.2975543876955859,0.04285487844943693,0.20734556135464186
0.07262332774480627,0.0015787535654504857,0.09205395606438734,0.11640542073958429
0.12690502486789135,0.2010313891676556,0.09028933169344759,0.22284267593855497
0.2429533172587948,0.1505948582371323,0.04174033237761579,0.20520928101985714
0.21920195635240675,0.07488771231428118,0.023220320093623105,0.14041829069942877
0.2382420361738793,0.19355773409518653,0.060470835899268216,0.22682781782210748
0.03656308185034975,0.16289211734839507,0.06204675202171731,0.15432734590425062
0.24032832606065133,0.12248359558194767,0.00554944735165246,0.18399194690047682
0.07693242728468237,0.002396660366692138,0.06246020415767485,0.09696111155265133
0.06659119491160033,0.21221892958143496,0.081991094715648,0.19648040393113578
0.19049489908411518,0.12160897969444581,0.03646433369321611,0.1701390078234825
0.014233169119434107,0.10188956993475319,0.0985573703213847,0.1451301825510748
0.039367912608395596,0.277844168954091,0.06342315764033066,0.20664594534167455
0.019950970252506504,0.29296098576168605,0.09843180846686056,0.22384965258251324
0.006344075189674381,0.2302718752967535,0.06339739943944216,0.1705092606606595
0.20444577325353563,0.1466409865337998,0.005806911079750477,0.16267080646574064
0.06380985168898597,0.12199723266977011,0.01957589281049731,0.10778864115910651
0.10697803925835939,0.15707056260853774,0.03357143966331131,0.14908400256683202
0.2583908526517328,0.0581725170792361,0.007162374973020392,0.16737558036321656
0.0631635020657536,0.014402549643150252,0.016711174578551747,0.05051249886588666
0.012522412938306915,0.018638943867165757,0.08169871418101522,0.09916663428889179
0.2356909805697216,0.19841889064335225,0.0968496892632794,0.2560959219227707
0.22883119539429153,0.013209437715953553,0.0928206614145232,0.18903596797993355
0.20276076080510028,0.2896281041100073,0.05067457677591311,0.23910790819328281
0.23828799972854361,0.056132340169444635,0.05157447723001435,0.18056535619223285
0.06797587406882785,0.16418138632337154,0.06130378944098748,0.16315615478963835
0.13013960708889466,0.16264198914324285,0.08856690196650173,0.2027116021779654
0.11504572179259731,0.0513707730460166,0.0718930046137828,0.1394991285956953
0.0974372227135283,0.2594269397188989,0.02063439622729394,0.18146506727279324
0.20100319567392297,0.22101928311795058,0.000984353290337514,0.1870220333184494
0.06690717915978402,0.26831297947960847,0.08879902469608043,0.22859575086921352
0.17648293704508036,0.013203661672167655,0.005477974763496873,0.09887383213853371
0.29790383782152985,0.10287478412455107,0.0830812116048836,0.2261157505065275
0.2049274034742645,0.17977229980931364,0.09002499964356252,0.24086485446691924
0.10906331046167196,0.29137591938940277,0.07119683078724884,0.22906923358151343
0.25644838584770535,0.15575811108418272,0.054668977208206404,0.22381069225999944
0.21515840918039317,0.0025797076471988476,0.05184127096628535,0.14935469873370755
0.16075954470469722,0.02910538333926599,0.06387273705406592,0.14222997448968658
0.016126960161015492,0.24122558291302576,0.05588586206130195,0.16082566244294833
0.2915952840638596,0.2969753549859546,0.0758941504188934,0.28210097957774005
0.05470118740470493,0.05616073316845033,0.05003290085939976,0.10102214259524736
0.059919818815108404,0.002221880045497704,0.05842604593283579,0.08595078208809542
0.24947697830953838,0.045151809376998454,0.05910886354305306,0.18283391784038744
0.24930319587417274,0.007785541182956223,0.03612498849092967,0.15687114528118756
0.07367823296215299,0.16235121855528242,0.04195599877748001,0.14615017007033104
0.07433560762938259,0.04252388172396108,0.04875159554591496,0.0986245307400037
0.025412804677155055,0.008165751482995531,0.027797118010578138,0.043782044018573975
0.043684434952629456,0.257790817158901,0.08239313728964859,0.20461366820832758
0.0828625130084398,0.20528348557235865,0.06883223529122831,0.18299654704421625
0.1394150785670337,0.09135692014302384,0.03655669014456891,0.1431971329174399
0.030608208191076722,0.08168088127133587,0.034018818586631326,0.07830041661602985
0.07290550336744755,0.12727647139684672,0.026825047898510902,0.12120894336727361
0.09884815081250907,0.06810364686335459,0.05961271435482596,0.12879786166470097
0.024533906574884377,0.2294361236085024,0.013284609769763069,0.1389141106746897
0.2680778495756481,0.2850188664427656,0.033690509591806826,0.24839899788035166
0.07984691248592622,0.2970179996544485,0.09500392876124525,0.24229779433587026
0.10660748848936565,0.20624306395139405,0.08233733177030796,0.21120317126501847
0.11217039832131066,0.005642888861496364,0.06380786747322946,0.1084087947829135
0.2150636970889842,0.2741860378306311,0.0430034850368242,0.2398794693738692
0.21982827387113532,0.21362777770342928,0.015687248101885133,0.21214584251961438
0.1026491961809358,0.17716451372409486,0.08696573883011631,0.19795116068392987
0.23910060712279102,0.21747926281209368,0.0022839408647295834,0.21334346896905715
0.18535550011983598,0.04643438198379034,0.07450021732059883,0.17369138945137647
0.10960422310154531,0.21943252069450972,0.0007091382656081225,0.1470903747421753
0.12555206457217022,0.07613900410222575,0.00908380144862051,0.10053951730933257
0.01762601261296007,0.05470414715854011,0.07569998607984574,0.10941977754469652
0.1617970952662479,0.24542616981135826,0.07031459521115896,0.22316781840555194
0.09087859043005832,0.25688246531736947,0.09553025597095187,0.218826030555001
0.1455219954722361,0.006071116062986492,0.03018042829155573,0.10630123258343568
0.09718600092665727,0.2760509536519068,0.018401003319629263,0.18923900465428972
0.09637074967168724,0.25521834166225527,0.03696118497323482,0.192206859402899
0.0879066769969994,0.02925981248682802,0.05340881957922233,0.10619933841066913
0.09661409528188276,0.2361421741567243,0.05308369727856868,0.180432920489145
0.16504637907832556,0.223359858551852,0.04791296504399321,0.2084218530095546
0.18356700839429096,0.009032645183476429,0.002614447207350013,0.0978283425011792
0.10135305218507701,0.08041830032491692,0.05492070562190543,0.12815800303086886
0.29168658752571824,0.18949237271406616,0.0024415954280496924,0.21982548062881388
0.26891774312187244,0.1713696331427625,0.04339078385354385,0.23688702441357049
0.10283644195660309,0.16172262955516845,0.02784804733902272,0.1407268495162249
0.2482889652731073,0.03314765183838553,0.011068734018445393,0.14843949433768736
0.16163251062440762,0.1515164234645268,0.08277468033532281,0.19963590959035454
0.07157449104184582,0.12373992162553314,0.0034207995570984307,0.10030007754140188
0.24773038780709034,0.00620203483260946,0.0996448695398686,0.19763734012332396
0.19282334851282604,0.22023647826847323,0.004136664797039735,0.19031617578767815
0.07719066538504485,0.2872187682293945,0.03735436928432664,0.1935326048898837
0.22725884944580793,0.18553050065519905,0.04257062792114659,0.2218409204125901
0.09268057813895793,0.2926822415757572,0.0797539555537693,0.22910220291964395
0.12367133008640381,0.23677191426102595,0.05183614219125256,0.214170947149018
0.17960637792213588,0.27963511928045076,0.0103424170176755,0.22330463144313373
0.29739882443813886,0.10802665343065228,0.0827635177393861,0.24537293778364125
0.15404722724992445,0.09602040252203159,0.05289815125212699,0.1517173786599626
0.270741053815536,0.054362933687814884,0.07483634692005046,0.20513015464303236
0.25145139735906424,0.24950336543646887,0.06363833235238579,0.2472539353997699
0.00944836162351924,0.06320323876210514,0.033103662086222396,0.06589314314204955
0.050349613574810104,0.21455063784665554,0.04494812788114852,0.1546243390009063
0.18409509899361917,0.17032426397478848,0.06081995955719152,0.20646226635737697
0.12333026913461147,0.10176316484445776,0.08384592213364836,0.1676671411382705
0.22731940624777996,0.183516053477405,0.03242206306289874,0.20873666597050064
0.24746789847534123,0.0082915830567595,0.015763112141538117,0.14169386029602288
0.2418735293602547,0.18681074843117892,0.011845495332478473,0.20569345016902335
0.2969956779483388,0.2560011572837072,0.008832391437373943,0.24338480000020643
0.03697922453570741,0.18748495482362015,0.054131076075913366,0.14316403352148238
0.12097275161774222,0.16330690374340992,0.004107514572489324,0.12833613481678857
0.2600759169815227,0.13514491971992948,0.09677528690863293,0.24434335767709997
0.13330326143072918,0.13272800563362155,0.0463022551655925,0.16038414306911988
0.18439673084565744,0.1867630234626398,0.07091410981983169,0.21678484160829062
0.12280925955262681,0.20523325506870668,0.07309977220113358,0.20949357865603738
0.26206270985062147,0.0805949653848488,0.004590035325913378,0.16090847769874106
0.2658706252787064,0.13014895536686863,0.09257181600660248,0.24356605340317575
0.014556987426454204,0.07737228174248476,0.05039484255800053,0.08915597169918801
0.0999684959089855,0.20421001559369992,0.08090272525662967,0.20308026561987558
0.04614517490722868,0.0221579188933679,0.02481766429566017,0.0571402202688848
0.21678211785115423,0.2871103601187579,0.04592819632170108,0.25211491696164734
0.21898765851481358,0.19425221521846506,0.093295229285971,0.25219521269716955
0.2211621799080001,0.19194905222268088,0.01054462493865569,0.1910510918541535
0.00434816507933804,0.1348351785900153,0.00995813877097982,0.06683397379457738
0.06783659201625618,0.16305028958801462,0.037428877608695336,0.15032818806589102
0.2816600654840307,0.2255843469763446,0.04784432578408833,0.2436017514478097
0.11809144923341158,0.21286011896679444,0.06701982812607266,0.19719052522180258
0.09417530405388955,0.14532136008311888,0.07674269488171491,0.17203686987603053
0.2932398873033259,0.1573679269777246,0.04963246258114057,0.2400647581156577
0.21276476983973933,0.12287508887928125,0.011969811408679988,0.16344232099311456
0.16242600253283315,0.21988976966640458,0.09131781857390732,0.22812434110477367
0.13897391146007168,0.005122315806304156,0.059819631868943346,0.1261221529510044
0.0447439491487292,0.035960669954955816,0.09918528598700925,0.13211596135299422
0.2262945580303204,0.036089480817351784,0.08111647932773307,0.19131938278149013
0.1081077432684607,0.27296813726521013,0.07475432585877743,0.2228567163485799
0.025803117213275793,0.08803894202523496,0.05895725293165534,0.10314631612883651
0.2275745534713839,0.24661389126416117,0.014531200113076792,0.21621090318731637
0.14999423596799433,0.009643487832178943,0.009688330919558487,0.08526279066048341
0.0742854654336128,0.21645507063333932,0.05808710425882248,0.17572773834174948
0.20929501750657475,0.06966114596431003,0.055474578844454295,0.17089239768595574
0.26309644651021946,0.15370687632129593,0.053588287287892666,0.22980670598643518
0.20724234786963683,0.10251966687806846,0.005539791659322047,0.1443413021004381
0.129248045703298,0.19852638669415393,0.042264884962804984,0.17231727202562824
0.05057775316932391,0.07499304466183165,0.06066499888856008,0.11909216229133571
0.04174171708357346,0.22661515715751715,0.04251308602427822,0.159508217746395
0.02316423600404861,0.023624627653905904,0.017475268334230434,0.043142400047763076
0.04908073569466441,0.06874023577036485,0.03499750472892312,0.09217612565510586
0.27330005365885857,0.060927593500913875,0.03578636943436684,0.1864138435229689
0.03575117831269454,0.06919416497754033,0.07212508192257626,0.1095447803808672
0.19922495741175097,0.13514541407099243,0.07274436614661856,0.2097093350606083
0.2741079767487558,0.15525520955669322,0.06333274580359309,0.2279232177272461
0.10814892523003868,0.1383668431450551,0.04505486965396695,0.15735487897319062
0.016671508127436563,0.20735722164585516,0.08512123011218359,0.17088361306511884
0.2709347382230066,0.08845650056516437,0.038185552831422234,0.2062842906236774
0.2754437727962624,0.2965831055844122,0.09144369914709186,0.2880621468116245
0.07263640520282226,0.2599816523130389,0.003077080747870742,0.1509638231644923
0.22283357799210773,9.498898032664903e-05,0.006626051228477647,0.11026783164613822
0.14469736342740222,0.1292298069332218,0.0870667169037648,0.1836265954453054
0.26397528898064315,0.20707441595695456,0.06627893966551186,0.2526789226198316
0.13775229418598053,0.20177881614307494,0.05377349651332717,0.20066255921554244
0.11166166575842429,0.1334719473750638,0.0737364474957051,0.16412744371684354
0.1918622330712563,0.2628726140355292,0.015718916716623323,0.21345760937036412
0.28003993372515235,0.053231819479591824,0.05764454970517228,0.21224064483105076
0.07106993469418034,0.15524913921250907,0.07234798095906385,0.16409317480214167
0.21881619724030804,0.21074081181666543,0.0400448407649755,0.214415597186041
0.29179128249479014,0.015810085630858728,0.020376382209688362,0.1553664170264521
0.05724644124336554,0.0002963248643133576,0.06876320696508163,0.09989807853544816
0.2221053569083347,0.2450087362992269,0.09139016712827913,0.2561213938006166
0.12072184167511137,0.2735511219545049,0.08916379351136527,0.23840771633999927
0.10479852801302117,0.09335122048984526,0.02903812764598487,0.11674542181005809
0.28617586406638984,0.09596719421427773,0.0447228895368621,0.20554217825181675
0.0784020400578999,0.016962006226263947,0.09107676432247405,0.1281419091809304
0.19303672995512375,0.08820479240673683,0.019354903460808016,0.14596697031956513
0.1980939057518849,0.17845812932932123,0.06307500955506039,0.20092235806367578
0.26467098815112466,0.204475828147546,0.0432262390075284,0.23193524450608702
0.28219486984507236,0.09465762262727262,0.011829386325064452,0.179357649529342
0.2828177373705386,0.18927742735320094,0.09945176928955758,0.2631694010393882
0.07906593895172635,0.09441235601602634,0.055433717621501205,0.11803921622907368
0.2680735421700322,0.18667702325657573,0.04397785895891165,0.23788415607803612
0.2891966376235137,0.03633343577411957,0.003416027107811004,0.1586233698147878
0.23159925905126946,0.050489700276563194,0.03969593752455647,0.16418683430028638
0.1003186268198793,0.21542194070581785,0.016830906732938956,0.154970449459014
0.17000794117978427,0.26448620382894283,0.07106417742447843,0.23854687854111728
0.29890620298565695,0.0199723097146954,0.016419586155641364,0.16527799726161432
0.2654540585236872,0.15503063206370515,0.021193114010940473,0.20888822019056175
0.26384771645070293,0.18746104409941264,0.06617123737460583,0.2330000266479831
0.0562874942334582,0.09313927642874072,0.07770889696416901,0.14986561998446826
0.05166101298717328,0.19077774916988613,0.06267518763675754,0.1662923450373314
0.011468402143903733,0.24052683042012632,0.008458903847810662,0.1211365867588124
0.20637686353844323,0.0035489752156851015,0.06337097521705574,0.15630799780065724
0.14098956110919322,0.12541788285205208,0.03792513700854388,0.15886330517880978
0.05171586417232403,0.14039063402315252,0.03383096959815505,0.11858803887546665
0.26210900865063086,0.1670287160652869,0.04705022797650163,0.21358504250983318
0.23846073228595982,0.2919189416118891,0.007436043577668039,0.2367011331101594
0.26919901635987276,0.2044166983659838,0.025828921723226997,0.21317911973935927
0.18337518459107627,0.17841158069224614,0.0501660672936993,0.1994808804012651
0.26135042550884763,0.18316165421298286,0.037230682349225365,0.21465806949291993
0.08260819162505313,0.14206577146912133,0.06530606830476751,0.1560107843370317
0.13889797736097592,0.06235388011525752,0.09314848029057998,0.17179764851746165
0.12475677209225006,0.2356717057961742,0.009491980480461038,0.16476611383487927
0.1914787110603769,0.15738878763941158,0.019493351263558858,0.17779143987293983
0.2168814501355679,0.19858289681885652,0.09949052337350643,0.23697506569407017
0.2327707319219214,0.051100323879578025,0.08903230566908854,0.20019610929808268
0.2044367017550328,0.014965321025768518,0.055140799623534256,0.15289432938687847
0.19539022227760297,0.1181615461823015,0.0951159764339291,0.2171805978191994
0.13620319308168444,0.03976827808521836,0.0362200798052603,0.10972908479454549
0.09947953219832883,0.03682074577349676,0.06727229609069711,0.13158655243214296
0.1825722767221338,0.26379477951163827,0.012466541041039626,0.20970403814282493
0.17112612320934656,0.2759779074527538,0.09658721530033858,0.2556820660289413
0.23497054571451634,0.28118590405960103,0.03460777300761272,0.2449320444173207
0.25300752912714286,0.2972942573480178,0.08559351896855483,0.28604072037121553
0.03251983331762035,0.02526120154132002,0.08215014653663477,0.11169314069458251
0.01248432882365592,0.21672850316984665,0.08265157343725987,0.18797361906213883
0.12562488370070135,0.15342493060597576,0.00425654971970757,0.13510004039072993
0.2412132404168059,0.2928606089701143,0.0520018489517911,0.25481941975219247
0.113318455432833,0.05073250299281562,0.017760882489937246,0.09608555930686116
0.011611448648150457,0.271378862129615,0.06278500245121277,0.18957898944118598
0.01746752536853916,0.27996094328274734,0.044843162931047856,0.18455324643905338
0.2327992187977753,0.022768365464998972,0.0811507523629881,0.18008671220195366
0.192342540857703,0.2051208377732035,0.07778084075626425,0.23480288279299688
0.13776024266589856,0.17683152750447076,0.08338295811506591,0.20697273749402453
0.006280366350202382,0.19024480920946052,0.059240978819140255,0.15051959849971203
0.2725627741816847,0.25708121485935287,0.09633214428060798,0.29094199088522466
0.2208790407781693,0.07858125263312929,0.08050859356301396,0.20315598081510972
0.21622495956280544,0.1618592598665303,0.06320961091859024,0.2149052162285908
0.2413861503846615,0.23109686624964432,0.062478871044536005,0.24485083038560326
0.025618966457220914,0.11738625621659184,0.08436922302270758,0.13976327457728255
0.18960164173277536,0.12449821014213881,0.07145960132480844,0.1926952013072289
0.24942822268395676,0.283910789543847,0.037467442420960416,0.25253571236370165
0.13237298085896904,0.024316066016868032,0.031826289854651336,0.10152477870328287
0.23874898836825476,0.13105879625867622,0.0076437934038503744,0.17398560465638815
0.2672476597815276,0.23821236151169892,0.09758120139335005,0.2681118085455626
0.15943069023406456,0.2820699051714974,0.05812439429010729,0.23414876194679865
0.07219968866710041,0.29676883584436947,0.06639379284836308,0.20201361027892356
0.18944892892042578,0.013111925266651591,0.08188597407960006,0.1616645020374626
0.13438577786035677,0.2853335041864764,0.056260157209051434,0.22778330568701302
0.16543472939613288,0.170964263640095,0.08415875165279735,0.21592579713538695
0.021672407881998368,0.06356011539713137,0.05632888684120793,0.0958439625580454
0.043302965681253504,0.07739369997307423,0.09804085335676645,0.14908986480584263
0.026033413068454723,0.046199503492012246,0.07106952522020465,0.09657782620360618
0.09567073212752893,0.09610316105206991,0.055790180316853566,0.15252445935101003
0.08424901983062551,0.03145014674708222,0.012022524091552557,0.063386502636431
0.04499158664276798,0.0703983000291375,0.018299933852526075,0.07835640902834658
0.05206896044389163,0.1695197223069301,0.039769512854204436,0.13281739305927237
0.039391492784951306,0.042662438757051134,0.08297323142454599,0.11838163995374758
0.24750190952441353,0.08399822745634118,0.03449674236522622,0.1818639845585476
0.18759102057197904,0.2377642420170532,0.05814306622011106,0.21958738387000523
0.12009601237399789,0.036005145903622346,0.005209119397542983,0.0833391506658949
0.24748874502903712,0.0386214183654004,0.06928632866774026,0.1907184650436517
0.26460167040876964,0.14508858730856153,0.07090498156898171,0.23215541945167403
0.20077984212066402,0.023837751759281576,0.018106305860212526,0.1259316387413414
0.09346668730779202,0.2691105114400823,0.007883706655912481,0.17561789153482837
0.17103044767167974,0.05116962985143599,0.06099399711967381,0.15668397771787382
0.14794860459683148,0.03872632971570251,0.09046581199724152,0.16524027784700568
0.032392841971858675,0.2087225504290817,0.04418226707212286,0.1498855519192143
0.03610540015680128,0.06610343802418832,0.05897741374450101,0.10599237701312762
0.273902425094475,0.21937770985328456,0.0602955879635154,0.2636731114943783
0.03078623210998308,0.18018676259222746,0.06395613281090078,0.15723824345998075
0.2851448233944059,0.16320065505472084,0.009655418311157349,0.20628377637764989
0.21779429520974553,0.23754841279380245,0.09231237932425232,0.25148677414930243
0.13858959147269237,0.09263480676486682,0.07460654462046708,0.179526874064513
0.1251519039707829,0.06054132411281908,0.04136651339784269,0.1297191737451804
0.018291966184863805,0.09069910142986,0.09250865271221136,0.14511578915991535
0.1040847001471553,0.27069275585852365,0.010230328658305666,0.17426767932210388
0.1445926214565649,0.042005797616587244,0.026771382141523328,0.11849707631901044
0.22320778556777013,0.01455572212245053,0.05187961092957077,0.16005382342734725
0.19453876118959923,0.1415153402910674,0.023614681371812385,0.17153839771912285
0.1133263523617432,0.2526671002194521,0.044350923630747954,0.1979556075913596
0.19749078587542612,0.12586517195735714,0.05202665889349554,0.1915111640305664
0.020809733457299695,0.00207937613815925,0.07793775469363058,0.08160388505294874
0.1723360389973039,0.052308629268238704,0.0030086192174318296,0.11664612530912377
0.2357940121713507,0.25411434742637423,0.0058673920065814185,0.22336785723434302
0.17292103185457325,0.15137238267770564,0.019590926058776173,0.16631725395098546
0.0852743509234386,0.015837307989039706,0.038168720867822185,0.08622408098524016
0.20253366263223851,0.19395082888864787,0.02540960079901926,0.19367239161266672
0.16611967541724348,0.1993539219426833,0.0496475313834876,0.19725415820738018
0.06152504324555249,0.21456399515341376,0.08794470416943846,0.20214070576288118
0.10055216261530545,0.17598671764867163,0.0785023343662197,0.20127979507990817
0.11306002740922766,0.09947103681242268,0.07811238817589455,0.15432401968865364
0.15512878801581095,0.05856613164382093,0.09502013052026015,0.17416947870966457
0.12283367792480947,0.028235349096564943,0.07099573748256581,0.1294046929671691
0.13507417047732126,0.09009605818598994,0.0668488344848143,0.15733041982493975
0.025305499913869444,0.17247647831913226,0.035746112394917984,0.11877799687984578
0.07960357766150437,0.1734934323489094,0.08932381860939344,0.1756275148776624
0.25997607809741774,0.030128097259218577,0.043802413556433356,0.17938391599376374
0.021518544070122235,0.1965924706193381,0.06277887825020577,0.15522963350972352
0.07618627079027238,0.29947134819320403,0.09610181679016024,0.24376133427290764
0.03273073498275838,0.18653643804174289,0.08761524079216879,0.17427950514570545
0.04401200280795203,0.06244733386009783,0.039271143748135486,0.09069959539446486
0.2997347248219483,0.08405109921318811,0.028164998796052013,0.2023726287256135
0.07867546473701044,0.12022597461103382,0.08198060511677181,0.16465182459880717
0.07873822482423873,0.033231740036295185,0.02585773078321192,0.07281593479451323
0.19370680475926702,0.2626950558058413,0.09587717521163008,0.2700194859832598
0.23499944140553558,0.14952959022876564,0.019068989873160937,0.1872725336775926
0.1708700326349045,0.18649882183056724,0.041289891042926664,0.19113378994785307
0.12343804895228004,0.29445200476325195,0.002105347619506193,0.1890859544907418
0.10458395600509614,0.15274545364162928,0.06884228496773692,0.1736665859000295
0.12862611796050455,0.2113596252554185,0.06427831989772906,0.19286788795404003
0.2551297158036208,0.209675640220739,0.04886346139566328,0.2279483344136052
0.03891332336274428,0.08995906463277521,0.07109610095624015,0.12351899966685868
0.17977990152666673,0.17919246638459113,0.0007728648624653168,0.1686630476534608
0.021812053627765237,0.2360480946099594,0.020946562482317313,0.1500815638808366
0.21811918729703247,0.11655365742974215,0.06357658880824273,0.20250091677077314
0.14922290370067776,0.23502275899169386,0.0015927175432677854,0.1759804084057393
0.29680670706946194,0.24596383329808644,0.028397620138160096,0.2529943518880466
0.043353668988317516,0.1731772428965359,0.03657316289293501,0.13806730693459965
0.24344692794482198,0.19315206033525698,0.033534887247574176,0.21904715009346992
0.12930373045062954,0.14189909876051654,0.026372259352588225,0.1451597773005361
0.25349460978589006,0.12629431670845503,0.09988271228999979,0.24029185988631055
0.11571901998330264,0.03535438847214092,0.05219798845614246,0.10999023424623962
0.022630107200684,0.20867837219846366,0.09239067940030699,0.19304490714124536
0.1411938179590813,0.22119192377625324,0.06227066104331989,0.20763357494021367
0.10656499928636877,0.15173989776234287,0.008404391276780077,0.13454310934691965
0.29568678686112804,0.2836127990590078,0.06968794280233723,0.28325216515649326
0.2032618078578027,0.16166103582654062,0.09515306099130061,0.2419037373057952
0.1611951782031039,0.22862625950809837,0.06355272935866822,0.21750222697165209
0.19940498110798657,0.2997345081523988,0.0955883381727658,0.26747580852911323
0.2345743295137573,0.1751699017826661,0.058299606460316414,0.22114025541752652
0.2725738271073162,0.000498013685032439,0.05824720881684095,0.17663131450442512
0.13162137313537706,0.15818053279310937,0.08340128033948171,0.19863443922106375
0.1013467346571265,0.14451288236641907,0.044015471291094815,0.15516741568395
0.09280825966753363,0.05846749859205841,0.03787580666364526,0.10137699602440584
0.26732502063613145,0.02004916265976494,0.009933304040637093,0.1455775503416517
0.25082456887005755,0.1662168941824371,0.07795808157205551,0.2339523067858757
0.28194651963751655,0.2655561438227295,0.07066054087399334,0.2869226187398054
0.24488171020282257,0.1427403593892905,0.06993876569511838,0.21802453479770514
0.083118473071162,0.20257613589110043,0.030384105801637886,0.1578438327982183
0.018259316634611243,0.03662054874044488,0.04393579319273118,0.06541506323137786
0.022010076518084343,0.03136643219817043,0.09834879980830175,0.12560554044931121
0.214014634261026,0.11270107360970943,0.05855856508829708,0.18190299286365846
0.03872540384872599,0.21890459248384583,0.057445322267112,0.16758533533404496
0.08705228685623591,0.28491080248091794,0.00843857246869999,0.19071709341589163
0.028179521973750243,0.076129210564251,0.014676193476786515,0.06517014115143409
0.29190070982745725,0.215698338063211,0.07433024983845975,0.2618031684655237
0.09000522725341237,0.17185218163628,0.03699823748346535,0.14991215219445317
0.08414372933199517,0.2049551367215505,0.081585127465136,0.19728129335503392
0.19122548307480963,0.10587249779950349,0.07664641491198643,0.19204724748217258
0.049789609553434665,0.24443600442414365,0.056122954684082044,0.18404331194734336
0.26834434124539386,0.03327468473460018,0.05384110413377355,0.1851071525021399
0.020497212418596897,0.280992055464154,0.020088898335896988,0.1624977071456522
0.17413366233060731,0.17344003092779922,0.07859053755526782,0.22230386189881352
0.14933827782523038,0.05256819919653905,0.042081070582258455,0.1265301104117152
0.23028788904632208,0.28516364890235857,0.08054339353441382,0.2780233831496689
0.08376647905356012,0.22896865399629246,0.044518610825519604,0.17913457104362807
0.21544388182796212,0.1463155148426225,0.05935169538730431,0.2134358118455713
0.10774148143531971,0.05968274374253436,0.02144688027913565,0.09613249610568478
0.0514893003154809,0.26041337898622163,0.06258921802757596,0.1996940449523909
0.1833790744936046,0.0758988120679471,0.02464715115539582,0.14621547970532883
0.14026133373842867,0.08751146243448793,0.04891427880144689,0.15006944218302767
0.15307171529681543,0.11836990141819316,0.07654061732148362,0.18269566448684563
0.036697340121914265,0.17219391070781892,0.02915624043339339,0.11906620423239658
0.009541885919569193,0.19381243842846668,0.00011734835018972767,0.10683864351412134
0.25856175387446095,0.22612757864912839,0.04336718944122824,0.23149286506464223
0.11341382204822743,0.20341238196811992,0.03387515215805879,0.1836394385733457
0.11954766658021865,0.14161223533443776,0.06900358301937264,0.17732403815809764
0.2777859091112457,0.18776840313858034,0.05351007683583119,0.23250170584890392
0.20328009071731085,0.23162266139414636,0.06546200567037706,0.23866749166111548
0.25920468478980946,0.1542045260261521,0.09560567394142744,0.2534648507191922
0.0907541046573541,0.0469995308328743,0.027537350165973806,0.08661300228529037
0.15500132897902483,0.246287496317681,0.036605349222528304,0.19434214189814564
0.09683484967609607,0.23891607797158648,0.06894678272473315,0.20577990750431377
0.08036092372923158,0.23223682907421267,0.02195797969259461,0.16381805007028927
0.05946372422486178,0.23808757453530535,0.0413195205096698,0.17316395256256967
0.20714339563603096,0.1398365250795565,0.07618043398329134,0.21391315431622124
0.2094720695359046,0.17026109895798772,0.08746943709942914,0.2287856469333031
