qubit,t1_us,t2_us,readout_error,p_relax,p_dephase,p_readout,predicted_qber_linear,predicted_qber_rf,predicted_qber_nn
0,280.8799257801244,42.749373740099834,0.010498046875,0.006574094977566225,0.11889562831630984,0.010498046875,0.07987896527058436,0.07350686443547373,0.1185328759189388
1,141.43553274388535,120.43228627011705,0.0047607421875,0.02597272291567152,0.03363392071259317,0.0047607421875,0.050480106574511935,0.04255389740732417,0.10897565880802515
2,284.9657990492261,65.90962921470086,0.0050048828125,0.00629198357521478,0.07244774424043629,0.0050048828125,0.058004361956809546,0.051823693222098635,0.10990019752630675
3,247.7148605140004,246.4872506784912,0.0069580078125,0.0092083467639827,0.009638753724890236,0.0069580078125,0.03642298030632862,0.033350053464533236,0.1020936963783814
4,194.58624955227887,120.1756132117073,0.024658203125,0.01529969519924184,0.03373413328765164,0.024658203125,0.06071005912893418,0.04473810283287064,0.10472723422783109
5,126.10605878031036,93.48322240380658,0.0047607421875,0.030722595482511147,0.04715988674903175,0.0047607421875,0.05749129429565693,0.04611892857783748,0.11174272871798019
6,195.02468254129275,158.43617487900408,0.005126953125,0.015235846701029187,0.022379271301534456,0.005126953125,0.04230816658143892,0.03955547899936509,0.10521214270708479
7,309.48410673102336,98.82661134545614,0.0069580078125,0.004755568396601493,0.043891673222263984,0.0069580078125,0.04785968090978095,0.0424808797818648,0.10564203695811467
8,201.05036594007217,88.25924735139004,0.0135498046875,0.014386546843528716,0.05073762376784197,0.0135498046875,0.058910647115639495,0.04930058607273083,0.10788953539279147
9,136.13448001384796,117.06774621014095,0.011962890625,0.02749426737267588,0.034982407605237506,0.011962890625,0.056750830916386,0.04453299635394255,0.10873973138089815
10,190.99383295017176,114.91492586978488,0.02001953125,0.01583389582485861,0.035886671735145835,0.02001953125,0.05841102440438167,0.04324925386229353,0.10559234987561425
11,289.34086658971506,44.871152844066074,0.0279541015625,0.005998738023183622,0.11264527744543051,0.0279541015625,0.08979058213919064,0.08460677532164552,0.11765102504038655
12,25.07839532021416,16.23645845612794,0.0030517578125,0.20726693664482462,0.33473846292690523,0.0030517578125,0.23429640520470044,0.22093267248457737,0.23431810348386212
13,168.75011084439976,190.40725564194847,0.0050048828125,0.019648006044275704,0.01639073495779062,0.0050048828125,0.041614041948930106,0.0379347600242516,0.10536677934935176
14,296.77854566677877,96.6896634104328,0.0064697265625,0.005520059056619942,0.045155365125200894,0.0064697265625,0.0482871629804438,0.0430881389925715,0.10601747626317021
15,317.02003517800114,31.44656468411541,0.008544921875,0.004331084817220769,0.16640558555336746,0.008544921875,0.09584785095133998,0.10523890444930382,0.13019402515619893
16,42.866845644735825,40.729194957200434,0.0096435546875,0.11582065866357041,0.12545187728057355,0.0096435546875,0.12366246037225052,0.12455718107723712,0.1578373203659702
17,250.3973938347167,11.11067911589743,0.00830078125,0.008969338757535462,0.49529545001174236,0.00830078125,0.22365427473274066,0.1696182748098719,0.20035071414273664
18,113.33299562798868,80.2671896335191,0.0252685546875,0.035661742209212866,0.057112350154123824,0.0252685546875,0.0779250717848389,0.0674878212418623,0.1130577747494585
19,140.7611219814406,67.50449292663893,0.003662109375,0.026159934376133606,0.07042219295768484,0.003662109375,0.06387984781446714,0.05531873597817635,0.11394123330437517
20,62.75524068544552,52.23742904540753,0.0118408203125,0.07496263077537711,0.09488702640360261,0.0118408203125,0.09784776440268639,0.09669947679430752,0.13582023594059406
21,164.84356025646895,87.52754938772335,0.0091552734375,0.020424121960029663,0.05127283851562187,0.0091552734375,0.05827604634530544,0.04773705507351042,0.10967317712397506
22,190.74922327733225,17.820282715045995,0.01171875,0.015871001530384787,0.3038068683306217,0.01171875,0.15527454327356038,0.171147976676226,0.17087324864014597
23,97.18189533722172,64.85735189485203,0.0943603515625,0.04376593138785446,0.07383873211173062,0.0943603515625,0.13704693686255542,0.139702149839971,0.1240884952196116
24,80.99073282390142,37.61721710471481,0.0186767578125,0.05513451939112288,0.13692932232931782,0.0186767578125,0.11128620932708708,0.10509289072737489,0.1404687891672401
25,138.44379725169603,22.340917651312505,0.0146484375,0.02681710760491709,0.2396438103906465,0.0146484375,0.1369528895266417,0.14065899951473423,0.15790493309524628
26,7.0108271252041305,6.198807163985904,0.1041259765625,0.7751774254393875,0.8982903216722089,0.1041259765625,0.7408164845015485,0.28495613279674725,0.39835130978757854
27,142.8564500315607,114.20409555558362,0.0079345703125,0.025584072082308472,0.036192733469412874,0.0079345703125,0.05359128733096781,0.043972264588758206,0.10890651580835489
28,124.9420878909982,109.87546316293056,0.0091552734375,0.031130864662422278,0.03814199235149308,0.0091552734375,0.05734196916723497,0.04410266228024243,0.11020171161850412
29,35.02566425664459,39.6111147962999,0.2286376953125,0.1446824167637092,0.129367954659285,0.2286376953125,0.293431868042506,0.192698586100987,0.17744171090328975
30,252.9929866778674,91.17785360251554,0.02197265625,0.00874290171652663,0.04868822184844503,0.02197265625,0.06200691217210156,0.05029947231879879,0.10558112150182655
31,183.38877926108327,61.07673516275592,0.06689453125,0.01703383538021276,0.07923171248563625,0.06689453125,0.10915227650871494,0.11179816559904676,0.11478612902289195
32,247.32537760003297,48.28229046437431,0.024169921875,0.009243479895256222,0.10374824113032362,0.024169921875,0.0849040473373822,0.08152670608670029,0.11621030288805198
33,142.17146318721578,128.47652485549548,0.0123291015625,0.02577046059091849,0.03069613952643576,0.0123291015625,0.05470811539286147,0.04574987176316662,0.10777978242960293
34,158.56747571178448,134.69680302805412,0.0048828125,0.021751063764547753,0.028665045858718492,0.0048828125,0.04704261999471581,0.04133062303343833,0.10742695200329452
35,343.1565726532411,355.57745124629383,0.0208740234375,0.0030033290069665965,0.002605467671301003,0.0208740234375,0.041334789254360266,0.03451368137877971,0.0984570955908034
36,135.1714580544508,86.39965582193882,0.01025390625,0.027783489985058404,0.05211561527676479,0.01025390625,0.062209389933332936,0.05044613738594407,0.11121637125640485
37,144.88274224176163,25.25502527735562,0.0478515625,0.0250430253814279,0.2104589253882867,0.0478515625,0.14890822172034807,0.15409648685290964,0.14988221300889826
38,121.5898726499541,41.87789867092243,0.027587890625,0.03235034533918604,0.12164631764830472,0.027587890625,0.1030838626030462,0.09705407234023411,0.12908150054319767
39,162.75592530864444,98.77219712770696,0.0355224609375,0.020854148196993293,0.04392317281841303,0.0355224609375,0.07454799855065325,0.07228343601747377,0.10612263324667875
40,206.68839183661487,104.73080420891452,0.01806640625,0.01363672981048875,0.040668279118348805,0.01806640625,0.05800151269205804,0.046754298672219724,0.10595545890460756
41,184.47835218327992,43.19769741179462,0.0120849609375,0.01685584877451236,0.11752379126049217,0.0120849609375,0.08443334510513488,0.07658294031681291,0.12179928667571677
42,117.0401506464892,43.27853235914574,0.0069580078125,0.034117203859220756,0.11727946662964658,0.0069580078125,0.0872766359478643,0.08608051141896629,0.12739525452295505
43,268.76334788822066,60.93576398110031,0.01611328125,0.007461125214109899,0.07944574683655811,0.01611328125,0.0691119056128946,0.06405433752341737,0.11014697236906285
44,198.4656531560262,170.28940800008607,0.0057373046875,0.01474453713973602,0.019896732439402195,0.0057373046875,0.041605335557448504,0.03974011551254443,0.10472211727737216
45,88.76511140436627,101.64968463200051,0.0108642578125,0.04915815260279245,0.042303699077399864,0.0108642578125,0.0670766898441722,0.05895118006852912,0.11498264475509867
46,232.6190263458427,70.03545861723507,0.0216064453125,0.010656148227773984,0.06739711329433712,0.0216064453125,0.06965658526044097,0.060509039116438484,0.10846838838937142
47,158.94267299561318,110.50214407172058,0.009033203125,0.021668791348676615,0.03785033276528561,0.009033203125,0.053515017357663515,0.04244543626482916,0.10819012958457416
48,139.81802003772813,117.61781673997966,0.0782470703125,0.026424761193798052,0.034756667241041525,0.0782470703125,0.10383546144585629,0.10690514066845802,0.10690793918267788
49,182.84897041074385,182.9193550073898,0.00830078125,0.017122801348796467,0.01760557229717443,0.00830078125,0.04347805574833646,0.03800523887952725,0.1046609409003551
50,94.08780748031978,83.74096948114529,0.0145263671875,0.04563602401369429,0.05419205018604973,0.0145263671875,0.07291710304641544,0.06112607448732766,0.11598598647424588
51,117.9957654319576,122.05675565229876,0.0640869140625,0.03373479252465328,0.03300945587155825,0.0640869140625,0.09580271660673557,0.09606607217470406,0.10818023866278825
52,113.70918899305298,99.524643665939,0.0169677734375,0.035500414714032244,0.043490647517534266,0.0169677734375,0.06667761432460907,0.05285298759994984,0.11102500764722686
53,233.7904963397515,228.54727298881585,0.0118408203125,0.010537104019234696,0.01143825686348751,0.0118408203125,0.04112795774530034,0.031697493048061486,0.1021119798379117
54,257.36300733658635,268.1559567417491,0.009765625,0.008371983575308554,0.00778627903396834,0.009765625,0.03740691983378697,0.0339612418163086,0.10139047163311898
55,246.7896066752456,75.81161988434002,0.021728515625,0.00929199006390868,0.061249779848526496,0.021728515625,0.06686235351822283,0.05913987524913943,0.10736515706448146
56,220.71114880814528,95.21466593322924,0.004638671875,0.011937929861101239,0.04606069863462787,0.004638671875,0.04978053690481403,0.04211779426798348,0.10766892098247094
57,197.9858924128955,107.9592391883836,0.114013671875,0.014812013911185334,0.03905481614038547,0.114013671875,0.12670747940566146,0.11641289249820534,0.10602330854017233
58,260.5956981326545,208.36970624390744,0.0306396484375,0.00810560457095386,0.013832451114748357,0.0306396484375,0.054609026833244506,0.045771441389233294,0.10000505771187407
59,176.88979200706288,147.81402128319868,0.0225830078125,0.018141018214408538,0.02494224299932448,0.0225830078125,0.05693598862063699,0.04389276565520132,0.10438374684199667
60,186.09283432928865,22.6797896248626,0.03857421875,0.01659594811897208,0.2358646368380704,0.03857421875,0.14875912976099295,0.1551454501326382,0.1536064612958195
61,358.46682617957896,5.576595256860453,0.015625,0.0023154844901712626,1.0000000000000002,0.015625,0.4200292139770162,0.17212840973053198,0.2534343837680773
62,134.59886165420716,66.55467400129048,0.0084228515625,0.02795741875179847,0.0716168157409884,0.0084228515625,0.06844478297957936,0.06088860252204113,0.11399112758904956
63,174.10751053070933,151.91079854639102,0.0181884765625,0.018640281898134582,0.02391128899942256,0.0181884765625,0.053577225292364875,0.0428644149420774,0.10480008614880248
64,265.2677632429989,112.02797108469422,0.01171875,0.007732091023486595,0.03715385166129836,0.01171875,0.0498327316534198,0.04150747212358688,0.10490121878548997
65,302.5585689543933,64.85289005684272,0.0255126953125,0.0051643156840190385,0.07384472624598715,0.0255126953125,0.07282938844149847,0.06807531077811793,0.10820157380074544
66,124.44413727215289,83.3233359447391,0.0076904296875,0.03130785610361348,0.05453026447075853,0.0076904296875,0.06264690515636481,0.0549287226503132,0.11253249934931542
67,199.85340638389903,108.06340523255548,0.0457763671875,0.014551178081144957,0.03900436291653902,0.0457763671875,0.07760483635391463,0.07463178893527182,0.10311427744805718
68,112.11462626677124,26.554733419470164,0.0186767578125,0.03619166124047494,0.19950783659263746,0.0186767578125,0.12803721385079164,0.1313667163470912,0.1504649555655198
69,144.76459739920367,79.69995313925811,0.0220947265625,0.025074155798062617,0.05761338652731055,0.0220947265625,0.07178015210715695,0.061153224612375726,0.11016425391383655
70,102.62182325486935,20.284840836675407,0.0107421875,0.04075141781683508,0.2652808537489371,0.0107421875,0.14932833104980642,0.1573085838660525,0.16965120642264142
71,129.83813693405503,126.82799756032423,0.05517578125,0.029462911255663797,0.03126782668891125,0.05517578125,0.08709998344546585,0.09127180172302722,0.10575612249437899
72,137.199175673119,44.4924621190959,0.0098876953125,0.02717923510880594,0.11371712301102019,0.0098876953125,0.08535295200701931,0.07823133230478714,0.12422782024250928
73,186.978990868996,194.62678821057,0.0177001953125,0.01645520175820143,0.0157473373405465,0.0177001953125,0.049256320818231704,0.03795114477523132,0.10332265415434855
74,109.02585329888636,14.019679542732677,0.0296630859375,0.037588169180807186,0.38976779017942276,0.0296630859375,0.2094666424700672,0.18118055490527904,0.19607765695292523
75,307.7424671068003,354.9009190330182,0.003662109375,0.004856628957451849,0.0026357610949290216,0.003662109375,0.02970154475718629,0.03133286435681148,0.1005987446872395
76,66.90475902084057,51.31560811008431,0.0118408203125,0.0695007795396746,0.09683022195368457,0.0118408203125,0.09649954764327456,0.09216748368142494,0.1344523138858295
77,295.62719410371915,120.83734288478524,0.010009765625,0.005592582808056586,0.03347664094997698,0.010009765625,0.046374709911239355,0.041383639999814294,0.10414457645083303
78,62.17233309473571,48.485380081034414,0.005615234375,0.0757882917076994,0.10325802198861775,0.005615234375,0.09690750125866168,0.09847448623631944,0.13796973597754375
79,143.1223953942333,39.57484829288871,0.14990234375,0.025512187763542957,0.12949868324898686,0.14990234375,0.19127740901000503,0.1526553581079218,0.13288034477655536
80,123.8856469016828,33.73070454603344,0.036376953125,0.031508058579795085,0.15423741506641622,0.036376953125,0.12157612525063255,0.12978419896104076,0.1378813488174741
81,259.34751064505133,301.4816596188691,0.0516357421875,0.008207670240361536,0.005456942779883853,0.0516357421875,0.06650603691812143,0.06932179442308006,0.09679713059555925
82,5.4550183924917315,6.440762177221647,0.4990234375,1.0000000000000002,0.8640458516227936,0.4990234375,1.0973367890559365,0.28495613279674725,0.44847554847831145
83,97.92609270339742,75.0284912767108,0.2347412109375,0.043333762471621365,0.062027766800714194,0.2347412109375,0.23311971503866716,0.1326701217823973,0.12514226639022522
84,187.89461268501455,161.4184690203329,0.0135498046875,0.01631117002672102,0.021720333963677514,0.0135498046875,0.048513792063043605,0.04128266671335,0.10449582146929004
85,175.1016870862594,117.21601583026292,0.0096435546875,0.01846006111576768,0.034921351488916154,0.0096435546875,0.05159911657330088,0.04141316826281709,0.10707136861928243
86,130.8262699696106,28.40516687654956,0.0147705078125,0.02914142132563409,0.18564553333447675,0.0147705078125,0.11721103708034357,0.12295233152871361,0.14416148220348185
87,81.25619647149999,101.86209695338393,0.0069580078125,0.05491159251571211,0.042187778036683804,0.0069580078125,0.06643381107865667,0.057335345340089584,0.11690866530614671
88,284.0117039368776,173.5489386436829,0.015625,0.006357133194633269,0.01927350482973158,0.015625,0.04524852482890473,0.0414864697234943,0.10187569070170716
89,212.59955772361135,225.71655456107624,0.04736328125,0.012893293285955173,0.011748325921814523,0.04736328125,0.06764956512218576,0.06912074077933156,0.0990379728682857
90,66.66246908897052,78.684976281345,0.020263671875,0.0698010040542037,0.058527936561147666,0.020263671875,0.08796330329423142,0.07897549724887068,0.12491089462030364
91,114.81611417115953,155.97448015766864,0.0087890625,0.03503185057326895,0.022942166459778014,0.0087890625,0.05274201643399422,0.0437766413906295,0.10906834552163899
92,283.85433543482753,225.20717904337505,0.010498046875,0.006367921052881673,0.011804949021331662,0.010498046875,0.038706463970301995,0.031925834440684045,0.10142140645363829
93,198.77288609916883,172.41359846222497,0.0360107421875,0.014701496921038747,0.019487909254834783,0.0360107421875,0.06316336459173957,0.06480819171826557,0.10158379785358121
94,245.9243850071411,249.6124066609962,0.0106201171875,0.009370775894306071,0.00935173364259388,0.0106201171875,0.03900391158545509,0.03346784359605976,0.10171815139961493
95,288.4246447721066,373.55975815748826,0.00927734375,0.006059412728323221,0.0018404837242205641,0.00927734375,0.033888304081631335,0.03390730349755048,0.10017658414747208
96,119.63763437335233,60.75281235521479,0.0733642578125,0.03309202572233404,0.07972500047491961,0.0733642578125,0.12014188982934323,0.12446661504261593,0.1208043959561341
97,259.379980163056,77.7296125528005,0.0089111328125,0.008205002727667391,0.05941059289465895,0.0089111328125,0.05653910282008781,0.05191298493469209,0.10819857294232324
98,241.26382531930204,61.821081686342545,0.0042724609375,0.009804879567281776,0.07811776693021351,0.0042724609375,0.061001050419297514,0.051994298214521756,0.11145393001417997
99,115.6145313824428,36.877529920052986,0.0118408203125,0.03469944843248965,0.1399423340498564,0.0118408203125,0.09970124029977975,0.10583136524115203,0.1338485867233024
100,114.13826803948228,146.40239106482272,0.01318359375,0.03531770583374067,0.025310845569373734,0.01318359375,0.056915084940453935,0.04661542343600595,0.10899185450329152
101,131.20287484690027,71.9602796117891,0.0419921875,0.02902016711765012,0.06523896768943711,0.0419921875,0.09050218029590688,0.08818030559308156,0.11384160349787731
102,99.59875195249056,87.76819725182722,0.0247802734375,0.04238598944825768,0.05109582709874421,0.0247802734375,0.07784369674536425,0.06431749709963425,0.11408723762662776
103,111.9973611010605,48.29187317268393,0.145751953125,0.03624327293851263,0.10372501763595991,0.145751953125,0.18252198166663888,0.1525920261663049,0.13069933248215138
104,251.91280964031645,162.24644539850297,0.0111083984375,0.008836568454650636,0.021541689012702835,0.0111083984375,0.04382722378400399,0.0399084959634295,0.10315178719508891
105,130.61543287370475,111.96262766807467,0.0062255859375,0.0292096091386808,0.0371832893358694,0.0062255859375,0.054134512750106834,0.043484303414462196,0.10997068217270445
106,70.65981558292837,23.12728510685465,0.01220703125,0.06511106618293662,0.23104375826054685,0.01220703125,0.14658077751609985,0.15236812677928932,0.1688164191569726
107,304.36889923735896,202.87496003704496,0.0201416015625,0.005055673803392776,0.014566941010042892,0.0201416015625,0.046185748820450914,0.037575815167440775,0.10052769421108401
108,27.637964435361795,17.926834931976156,0.0196533203125,0.18685847577988593,0.3019221541638078,0.0196533203125,0.22579731467796463,0.22015496005915985,0.22521960018455212
109,289.112979180225,143.47363907166465,0.0057373046875,0.006013793418182332,0.026098731831020176,0.0057373046875,0.04063815982014263,0.04024391114137225,0.10370147493611151
110,310.66099014090184,242.19284788248416,0.011962890625,0.0046879199922681206,0.010045242180911568,0.011962890625,0.03843868849259817,0.033303470180021465,0.10068969349827545
111,181.786969659848,90.49397322227765,0.01318359375,0.017299372091571775,0.04915657380370364,0.01318359375,0.05915774660580171,0.04896511895217914,0.10833113973672898
112,264.69280395811876,171.8271244005339,0.0067138671875,0.007777345304697213,0.019599772337994092,0.0067138671875,0.03952143449941725,0.03939811458572766,0.10312182334143319
113,186.26193933369692,89.48945599617846,0.2984619140625,0.01656898613298885,0.049857491586018717,0.2984619140625,0.26393014623403754,0.12021073966109704,0.11748298173540098
114,353.41638092474363,425.3078379200449,0.0086669921875,0.002535799056238318,0.0,0.0086669921875,0.031393106983028295,0.03354613709573211,0.09925821884379277
115,194.98464021847855,79.48600501886769,0.0101318359375,0.01524166610452949,0.057804222812405846,0.0101318359375,0.05949655909955007,0.05151098743537094,0.10934110646577846
116,70.67671086610514,81.91592421993289,0.016357421875,0.06509236944525217,0.05569542937355621,0.016357421875,0.08226722898660006,0.07493920335461986,0.12244789607194656
117,160.3721786362609,20.646772222138395,0.013916015625,0.02135885998910987,0.260397663007374,0.013916015625,0.1422984298202435,0.1506553219053033,0.16170208010665138
118,197.38752767562843,79.2400176584749,0.0203857421875,0.01489663161349715,0.05802491083993782,0.0203857421875,0.0668096065825583,0.05664643584740412,0.1082557792453798
119,211.4115973396586,75.6274732378708,0.1787109375,0.013039362934148598,0.061431268578484584,0.1787109375,0.1810564497025687,0.12095999145240917,0.1129928848904686
120,232.63409287694964,73.17276866258852,0.0147705078125,0.010654609563511185,0.06393778969571508,0.0147705078125,0.06342147203778385,0.05698930743909069,0.10870985805820813
121,275.2246007747683,294.13605805079743,0.0318603515625,0.0069783903829233225,0.005925022060063274,0.0318603515625,0.0520188761385624,0.04736015492033879,0.098609580489811
122,241.78619603376185,36.103816681249846,0.0064697265625,0.009755391066355947,0.14322605544679237,0.0064697265625,0.08754309107405443,0.1008922802430436,0.12582817952321243
123,210.1620644358083,94.27135514592123,0.0177001953125,0.013194785384940594,0.0466545426950333,0.0177001953125,0.05986629177104446,0.04854954712628293,0.10668336661060768
124,141.70549837492513,136.13514203055723,0.009033203125,0.02589828187509821,0.028221809953029704,0.009033203125,0.0514417340122684,0.0442554148735924,0.1078176439860753
125,173.68286105254035,60.64637711184325,0.036865234375,0.01871788968767761,0.07988823627892765,0.036865234375,0.0884936537856271,0.08387183059355108,0.11387714933983192
126,162.77260192317516,32.93383534899965,0.009765625,0.02085066932086075,0.1582908250353059,0.009765625,0.09994326971489326,0.10944025556352559,0.13380827691654107
127,226.45657103816723,21.51048266206284,0.027099609375,0.011302654602540502,0.2494084381127453,0.027099609375,0.14369008052298798,0.15177522958596698,0.15529584565850857
128,230.9537646817709,20.648382840680956,0.009521484375,0.01082744981787416,0.2603763150808936,0.009521484375,0.13509832733576232,0.14587244393519927,0.15788657580260934
129,274.18199004115115,272.4505266303589,0.0146484375,0.0070547467410952865,0.007454120214301379,0.0146484375,0.040279547513142805,0.03521686358659235,0.10057445689796252
130,322.9729925580698,16.288825214895343,0.4984130859375,0.004009771263543974,0.3336196026905314,0.4984130859375,0.5115346917992211,0.21362058436336606,0.1660441405404432
131,280.42073867335466,177.77009396853123,0.008056640625,0.006606313679875776,0.01850037597325304,0.008056640625,0.039614530584698805,0.03889880863666937,0.10259574868245336
132,322.72534145359845,108.30911581972283,0.0086669921875,0.004022902033178892,0.038885736496342034,0.0086669921875,0.046884669354555195,0.040714291853521586,0.10465948709488054
133,362.477389115074,238.91427640665603,0.0252685546875,0.0021449058555988304,0.010365413521498593,0.0252685546875,0.04713795228083477,0.0362333322415906,0.09884603562484404
134,238.1202258421216,124.0707208478186,0.0068359375,0.010107283825441599,0.0322579678753721,0.0068359375,0.04535954995148856,0.04097103522610293,0.10525504785272038
135,421.8200769172984,92.94670621695452,0.0224609375,0.0,0.0475087991176994,0.0224609375,0.058553139571061036,0.04948011304791893,0.10354227494412127
136,255.35808315610475,160.7013745061389,0.0084228515625,0.008540581184124717,0.021876542512964024,0.0084228515625,0.041914459255161705,0.03958549252578535,0.1034063436398352
137,104.68785884485604,43.54258574794374,0.0078125,0.03968861928877307,0.11648768354535957,0.0078125,0.08972206871432437,0.08870919725015547,0.12915215597752322
138,239.37386488362188,116.19415217176542,0.005859375,0.009985735583805024,0.03534530959306793,0.005859375,0.045796632620875355,0.04072326601441167,0.10573281286872921
139,174.71003940240354,199.0056588197581,0.0086669921875,0.01853081276371555,0.015108492657069357,0.0086669921875,0.043322520980285176,0.0371427947639186,0.10459242926263554
140,333.84141973650907,50.54976769342449,0.0103759765625,0.0034527016583612673,0.09849850928755384,0.0103759765625,0.07076781042318281,0.06298483655674039,0.11306575264398755
141,175.11495486902575,110.88346874279752,0.010498046875,0.01845766981625866,0.037674476190327814,0.010498046875,0.05326803138586447,0.041933542520730345,0.1073443653800103
142,116.92474678842262,84.16351810700763,0.0111083984375,0.03416380839724258,0.05385327152875647,0.0111083984375,0.06593553734964334,0.053556881382896125,0.11269601340367491
143,154.74021141473426,52.59312748150224,0.0106201171875,0.0226130897251257,0.09415542862426887,0.0106201171875,0.07662189328423989,0.06528467323421838,0.11753203011259197
144,85.80933334836224,43.734049884239525,0.0142822265625,0.051302742124127984,0.11591954436621005,0.0142822265625,0.09860069439161478,0.0942201161278409,0.13335983249137867
145,167.36411974377754,40.402790271530826,0.04541015625,0.019919214488105255,0.12657270900199874,0.04541015625,0.11300210042662429,0.1222601401441167,0.1270876084423644
146,167.66905331701955,60.914687328279385,0.0059814453125,0.019859160872126518,0.07947783231918115,0.0059814453125,0.06660415395916955,0.056892431431962286,0.11356839630062848
147,275.58708108659266,134.9714609906589,0.00830078125,0.006951979221055678,0.028579678042594453,0.00830078125,0.04378998794247089,0.040590780790047624,0.10396261723046485
148,279.31672344546763,148.44154989325807,0.0098876953125,0.006684210043698447,0.024780634710167025,0.0098876953125,0.0433686902791841,0.039567701406516824,0.10324799019271591
149,188.79609250866233,107.23954406688516,0.0118408203125,0.01617072774688028,0.03940608123738503,0.0118408203125,0.054019657229546686,0.04229885251668487,0.1069546007958232
150,142.2010152927361,108.18645570864516,0.0126953125,0.02576238224421625,0.03894488811920418,0.0126953125,0.0581331564142247,0.045704508645401445,0.10882043451038054
151,176.63440841646994,66.74052353301403,0.0057373046875,0.018186189671396832,0.07138039013229555,0.0057373046875,0.06268034772285544,0.053909877349964976,0.11218234078021344
152,237.8848594190967,142.35589085737251,0.03466796875,0.01013024693032407,0.02640797323873066,0.03466796875,0.0631024314066603,0.06196582249848689,0.10166651450316971
153,164.47343140803497,146.6310285794155,0.114501953125,0.020499567641653546,0.02525066245556202,0.114501953125,0.12394137242726772,0.11595977535663256,0.10436492666100047
154,230.4393988978936,18.935953832185024,0.01025390625,0.010880861896679778,0.28512434090342714,0.01025390625,0.14514102057324768,0.16657465851141268,0.16434774937423596
155,325.25478828352266,143.62685044792536,0.0072021484375,0.0038897284832849384,0.026056718755278388,0.0072021484375,0.04085927022708805,0.03999347419743205,0.10310136899341596
